subjects,isSpeed,jitter,abs_error,R,rt
1,0,45,0.5391,-0.5391,1.2595
1,0,30,0.32968,0.32968,0.86939
1,0,15,0.30658,-0.30658,0.8009
1,0,30,0.15855,0.15855,1.0019
1,0,15,0.0072374,0.0072374,2.364
1,0,45,1.25696,-1.25696,1.0521
1,0,30,0.39976,0.39976,1.053
1,0,30,1.76938,1.76938,2.3029
1,0,30,0.125614,-0.125614,0.88762
1,0,45,0.65302,-0.65302,0.94328
1,0,45,1.45422,1.45422,1.2994
1,0,15,0.129994,0.129994,0.83046
1,0,15,0.186396,-0.186396,0.76012
1,0,15,0.54632,-0.54632,0.92477
1,0,15,0.099492,0.099492,1.0294
1,0,15,0.188362,0.188362,0.96602
1,0,30,0.43098,-0.43098,1.091
1,0,15,0.023276,-0.023276,0.72233
1,0,45,0.095056,0.095056,0.89741
1,0,30,0.26222,0.26222,0.80081
1,0,15,0.2373,0.2373,0.69319
1,0,45,1.29402,-1.29402,0.88181
1,0,45,1.16622,1.16622,0.92763
1,0,15,0.23256,-0.23256,0.84309
1,0,30,0.23136,0.23136,1.1492
1,0,30,0.3597,-0.3597,1.1168
1,0,45,0.52364,0.52364,1.4275
1,0,30,0.39408,-0.39408,1.0922
1,0,45,1.4477,-1.4477,1.1208
1,0,45,0.86144,-0.86144,1.7964
1,1,45,0.7393,-0.7393,0.80825
1,1,45,0.24338,-0.24338,0.54978
1,1,15,0.0180968,0.0180968,0.534
1,1,45,1.05874,-1.05874,0.67777
1,1,15,0.02876,0.02876,0.52983
1,1,15,0.093822,-0.093822,0.52596
1,1,45,1.0146,-1.0146,0.61252
1,1,45,1.07914,-1.07914,0.6136
1,1,30,0.22562,0.22562,0.60186
1,1,15,0.31394,-0.31394,0.5176
1,1,30,0.031918,-0.031918,0.65095
1,1,30,0.112286,-0.112286,0.67273
1,1,30,1.41288,1.41288,0.60214
1,1,45,0.51774,-0.51774,0.67163
1,1,15,0.062746,0.062746,0.51689
1,1,45,0.7276,-0.7276,0.84933
1,1,30,0.12126,0.12126,1.1763
1,1,30,0.45262,0.45262,0.55891
1,1,30,0.027576,-0.027576,0.70509
1,1,15,0.198636,0.198636,0.69624
1,1,15,0.25108,0.25108,0.57531
1,1,15,0.071132,0.071132,0.66634
1,1,45,0.73828,0.73828,0.63089
1,1,30,0.52808,-0.52808,0.61821
1,1,15,0.037028,0.037028,0.64379
1,1,30,0.71552,0.71552,0.76403
1,1,30,0.14615,0.14615,0.64741
1,1,45,0.3154,-0.3154,0.68394
1,1,15,0.133496,0.133496,0.68297
1,1,45,1.70914,1.70914,0.60664
1,0,45,0.35332,0.35332,0.73904
1,0,45,0.87036,-0.87036,0.79204
1,0,15,0.044096,0.044096,0.76228
1,0,30,1.46152,-1.46152,1.7495
1,0,30,0.090854,0.090854,0.92531
1,0,30,0.25934,0.25934,0.68294
1,0,45,0.44298,-0.44298,0.69859
1,0,45,0.105076,-0.105076,2.2989
1,0,30,0.099816,-0.099816,1.0594
1,0,30,0.08407,-0.08407,1.0111
1,0,45,2.1574,-2.1574,0.68237
1,0,15,0.1076,-0.1076,0.84342
1,0,15,0.021,-0.021,1.2653
1,0,30,0.55,-0.55,1.0834
1,0,15,0.083984,0.083984,0.9002
1,0,30,0.167206,0.167206,0.97414
1,0,45,0.157954,-0.157954,1.166
1,0,30,0.195058,-0.195058,0.82511
1,0,30,0.194286,0.194286,0.81511
1,0,15,0.136936,-0.136936,0.71711
1,0,45,0.039712,0.039712,0.93055
1,0,45,0.41606,-0.41606,0.94921
1,0,45,1.74908,-1.74908,1.6071
1,0,45,0.0183848,-0.0183848,1.1798
1,0,15,0.0882,-0.0882,0.85932
1,0,15,0.25876,0.25876,0.84354
1,0,15,0.39352,0.39352,0.88485
1,0,30,0.20038,-0.20038,0.83895
1,0,15,0.02685,0.02685,0.92471
1,0,15,0.23902,-0.23902,0.76782
1,0,15,0.04282,-0.04282,0.83433
1,0,45,0.3206,-0.3206,0.78513
1,0,30,0.24288,-0.24288,0.7862
1,0,15,0.26562,-0.26562,0.74393
1,0,45,0.81402,0.81402,1.3683
1,0,15,0.04289,-0.04289,0.85042
1,0,45,0.48358,0.48358,1.0414
1,0,15,0.054404,0.054404,0.83993
1,0,30,0.0152326,-0.0152326,0.72283
1,0,15,0.146516,0.146516,0.71671
1,0,15,0.4785,-0.4785,0.72213
1,0,45,1.0147,-1.0147,0.86203
1,0,45,0.20344,0.20344,1.002
1,0,45,0.3766,0.3766,1.4932
1,0,45,0.67272,0.67272,0.96195
1,0,30,1.02248,1.02248,1.2178
1,0,30,0.43492,0.43492,0.95258
1,0,45,0.59888,-0.59888,1.2346
1,0,30,0.54922,0.54922,0.99877
1,0,30,0.25946,-0.25946,1.9994
1,0,15,0.20858,0.20858,1.8597
1,0,30,0.47484,-0.47484,1.4478
1,0,15,0.131422,0.131422,1.0362
1,0,30,0.83254,0.83254,1.5352
1,0,45,0.61078,-0.61078,2.2114
1,0,15,0.056074,0.056074,1.6321
1,0,45,1.15008,-1.15008,1.2626
1,0,30,0.099572,-0.099572,1.7317
1,0,15,0.25716,-0.25716,0.80619
1,0,45,0.9725,-0.9725,0.72319
1,0,15,1.52614,1.52614,0.43798
1,0,15,0.13256,0.13256,0.58089
1,0,15,0.28856,-0.28856,0.65925
1,0,45,0.39514,0.39514,0.91567
1,0,30,0.46748,-0.46748,0.67345
1,0,15,0.0163002,-0.0163002,0.61993
1,0,15,0.2068,0.2068,2.33
1,0,45,0.21742,-0.21742,1.2509
1,0,15,0.29212,0.29212,0.95676
1,0,30,0.049598,0.049598,0.8957
1,0,45,0.37006,0.37006,0.88417
1,0,45,0.67648,0.67648,0.83532
1,0,15,0.35252,-0.35252,0.75589
1,0,45,0.88334,-0.88334,1.2926
1,0,30,0.094646,-0.094646,1.0964
1,0,45,1.03802,-1.03802,1.0804
1,0,45,0.50752,-0.50752,1.3086
1,0,45,1.98148,-1.98148,0.84205
1,0,15,0.04828,0.04828,0.71824
1,0,15,0.114338,0.114338,0.74261
1,0,30,0.006235,-0.006235,1.0792
1,0,15,0.045884,0.045884,1.1661
1,0,30,0.5235,0.5235,0.84729
1,0,30,0.23998,0.23998,0.84522
1,0,30,0.64328,0.64328,0.79006
1,0,30,0.41482,0.41482,1.1186
1,0,45,0.08372,0.08372,1.2284
1,0,30,0.27398,-0.27398,1.1803
1,0,30,0.10233,-0.10233,0.87483
1,1,45,0.3123,0.3123,1.1183
1,1,15,0.55978,-0.55978,0.50882
1,1,30,0.3742,0.3742,0.49423
1,1,45,0.097608,0.097608,0.54599
1,1,15,0.169324,0.169324,0.55375
1,1,45,1.54862,1.54862,0.62615
1,1,15,0.061358,0.061358,0.49406
1,1,45,0.30526,-0.30526,0.55783
1,1,30,0.21992,-0.21992,0.5678
1,1,45,1.8447,-1.8447,0.64245
1,1,30,0.34588,0.34588,0.5331
1,1,15,0.4793,-0.4793,0.51398
1,1,15,0.49282,-0.49282,0.56502
1,1,45,0.35238,-0.35238,0.57603
1,1,15,0.83418,-0.83418,0.53066
1,1,15,0.174398,-0.174398,0.52107
1,1,45,2.265,-2.265,0.5928
1,1,30,0.060082,-0.060082,0.60827
1,1,30,0.160186,0.160186,0.63496
1,1,30,0.41302,0.41302,0.71624
1,1,15,0.023404,0.023404,0.54155
1,1,15,0.144678,-0.144678,0.5138
1,1,45,0.9186,-0.9186,0.54741
1,1,45,3.0232,3.0232,0.69941
1,1,15,0.132386,-0.132386,0.68555
1,1,30,0.55792,0.55792,0.7345
1,1,30,1.06522,1.06522,0.67543
1,1,30,0.47944,-0.47944,0.55288
1,1,45,1.48144,-1.48144,0.54899
1,1,30,0.40178,0.40178,0.55694
1,0,30,0.54202,-0.54202,0.65183
1,0,15,0.45294,-0.45294,0.68628
1,0,15,0.085468,0.085468,0.80525
1,0,15,0.27284,0.27284,0.78217
1,0,45,0.34268,0.34268,0.75224
1,0,45,0.61434,-0.61434,0.94644
1,0,45,0.99422,0.99422,1.1129
1,0,15,0.24572,0.24572,0.74406
1,0,45,0.91848,0.91848,1.2966
1,0,15,0.2343,0.2343,2.499
1,0,15,0.130138,0.130138,0.72515
1,0,45,2.9554,-2.9554,1.0725
1,0,30,0.57068,0.57068,0.75221
1,0,30,0.53568,0.53568,0.75538
1,0,45,0.34086,-0.34086,0.75981
1,0,30,0.024442,-0.024442,0.73794
1,0,15,0.34484,0.34484,0.71869
1,0,30,0.188934,0.188934,0.70503
1,0,30,0.18422,0.18422,0.74686
1,0,45,0.7103,0.7103,0.80741
1,0,15,0.29588,-0.29588,0.65018
1,0,15,0.075424,-0.075424,0.71816
1,0,15,0.09146,-0.09146,0.78421
1,0,45,1.5102,1.5102,0.98081
1,0,30,0.3636,0.3636,0.8244
1,0,30,0.105192,-0.105192,0.98068
1,0,30,0.16425,-0.16425,1.0454
1,0,45,0.3994,-0.3994,1.4945
1,0,45,1.0209,-1.0209,0.76525
1,0,30,0.3357,-0.3357,0.71442
1,1,30,0.40732,-0.40732,0.58965
1,1,15,0.035952,-0.035952,0.59683
1,1,15,0.022932,-0.022932,0.55987
1,1,15,0.77142,0.77142,0.57397
1,1,30,0.133614,0.133614,0.62402
1,1,15,0.167922,0.167922,0.61168
1,1,15,0.11313,0.11313,0.58488
1,1,15,0.19933,-0.19933,0.69403
1,1,45,1.39096,1.39096,0.57397
1,1,45,0.1501,-0.1501,0.73303
1,1,45,0.85832,-0.85832,0.55707
1,1,30,0.2566,0.2566,0.62686
1,1,30,0.2501,0.2501,0.64706
1,1,30,0.58092,0.58092,0.57815
1,1,45,1.13964,-1.13964,0.82132
1,1,30,0.34126,-0.34126,0.65297
1,1,45,1.20766,1.20766,0.58697
1,1,15,0.128778,-0.128778,0.60028
1,1,45,0.26926,-0.26926,0.63893
1,1,30,0.21496,0.21496,0.70498
1,1,45,1.17468,-1.17468,0.64032
1,1,30,0.11866,-0.11866,0.63499
1,1,45,0.22788,0.22788,0.65986
1,1,15,0.078038,0.078038,0.67591
1,1,45,2.6574,-2.6574,1.2736
1,1,30,0.2938,0.2938,0.99555
1,1,15,0.26898,0.26898,0.65155
1,1,15,0.0100646,0.0100646,0.70899
1,1,45,1.36078,-1.36078,1.2013
1,1,30,0.58876,-0.58876,0.91109
1,1,30,3.0158,3.0158,1.1184
1,1,15,0.177236,0.177236,0.56409
1,1,15,0.26446,-0.26446,0.61279
1,1,45,1.09224,1.09224,0.7508
1,1,30,0.36782,-0.36782,0.55798
1,1,45,0.10469,0.10469,0.67061
1,1,15,0.57898,-0.57898,0.63766
1,1,45,0.31202,-0.31202,0.79595
1,1,30,0.128016,0.128016,1.1781
1,1,30,0.30514,0.30514,0.67118
1,1,30,0.31972,0.31972,0.6309
1,1,45,1.77744,1.77744,1.1603
1,1,45,1.51122,-1.51122,0.58583
1,1,30,1.36648,-1.36648,0.59355
1,1,45,0.77938,0.77938,0.60996
1,1,30,0.158332,0.158332,0.64063
1,1,30,1.46314,-1.46314,0.6362
1,1,45,1.35608,-1.35608,0.67478
1,1,30,0.43826,0.43826,0.60813
1,1,45,0.47024,-0.47024,0.5997
1,1,15,0.064374,-0.064374,0.66298
1,1,15,0.025028,-0.025028,0.67989
1,1,45,0.25296,0.25296,0.70166
1,1,15,0.41578,0.41578,0.61988
1,1,15,1.0301,1.0301,0.61604
1,1,15,0.20752,0.20752,0.74884
1,1,30,0.088296,0.088296,0.61785
1,1,15,0.7543,0.7543,0.58062
1,1,45,2.156,-2.156,0.57403
1,1,15,0.47978,0.47978,0.47462
1,0,15,0.083866,-0.083866,0.8322
1,0,45,2.2044,-2.2044,0.98241
1,0,15,0.14008,-0.14008,0.69957
1,0,45,0.26176,0.26176,0.92901
1,0,45,3.1042,-3.1042,0.8178
1,0,15,0.26844,-0.26844,0.87869
1,0,45,0.12146,0.12146,1.5244
1,0,30,0.93764,0.93764,0.97981
1,0,30,0.24372,-0.24372,0.83005
1,0,15,0.2502,-0.2502,0.76489
1,0,30,0.50124,0.50124,1.1796
1,0,45,0.4252,0.4252,0.8581
1,0,30,0.48746,-0.48746,0.87665
1,0,45,0.52296,-0.52296,1.067
1,0,30,0.38284,0.38284,0.93439
1,0,15,0.2811,-0.2811,1.0322
1,0,45,0.098446,-0.098446,0.92771
1,0,45,0.87026,-0.87026,0.99831
1,0,15,0.53956,-0.53956,0.84183
1,0,45,0.20162,-0.20162,1.5617
1,0,30,0.27878,-0.27878,0.93976
1,0,30,0.22992,0.22992,0.95155
1,0,15,0.32278,0.32278,0.81299
1,0,15,0.26242,0.26242,0.72273
1,0,30,0.4376,-0.4376,1.0543
1,0,30,0.021276,0.021276,1.0675
1,0,30,0.67142,-0.67142,0.89567
1,0,15,0.2224,0.2224,0.87799
1,0,15,0.0054312,-0.0054312,0.81452
1,0,45,1.05776,-1.05776,1.0966
1,1,45,1.67592,1.67592,1.0105
1,1,15,0.29796,0.29796,0.65084
1,1,30,0.0048688,-0.0048688,0.55813
1,1,15,0.4628,-0.4628,0.59568
1,1,15,0.5092,0.5092,0.56688
1,1,15,0.155994,0.155994,0.71327
1,1,30,0.053454,-0.053454,0.75105
1,1,30,0.34932,0.34932,0.67373
1,1,15,0.22026,0.22026,0.65633
1,1,30,0.90148,-0.90148,0.62099
1,1,30,0.41248,-0.41248,0.62497
1,1,45,0.4966,-0.4966,0.5986
1,1,15,0.51898,0.51898,0.62979
1,1,45,0.56836,-0.56836,0.67974
1,1,45,0.143344,0.143344,0.54232
1,1,45,0.27326,-0.27326,0.54779
1,1,45,0.112594,-0.112594,0.71057
1,1,30,0.34276,-0.34276,0.58968
1,1,15,0.29124,-0.29124,0.5667
1,1,30,0.28454,-0.28454,0.68644
1,1,30,0.0112492,-0.0112492,0.51271
1,1,45,0.76994,-0.76994,0.55488
1,1,15,0.109136,0.109136,0.62685
1,1,45,0.3525,-0.3525,0.58247
1,1,30,0.51224,0.51224,0.65183
1,1,45,0.99004,-0.99004,0.68034
1,1,30,0.22854,-0.22854,0.66993
1,1,45,0.38986,0.38986,0.53626
1,1,15,0.27882,-0.27882,0.56344
1,1,15,0.55328,-0.55328,0.63451
1,1,15,0.02972,-0.02972,0.68177
1,1,30,0.47132,0.47132,0.77756
1,1,15,0.094214,-0.094214,0.55646
1,1,30,0.22528,0.22528,0.54216
1,1,15,0.142844,0.142844,0.54733
1,1,45,0.52146,0.52146,0.57101
1,1,15,0.0169042,0.0169042,0.53473
1,1,30,0.040526,0.040526,0.57589
1,1,45,2.8414,2.8414,0.61373
1,1,15,0.087204,-0.087204,0.58475
1,1,45,1.0822,-1.0822,0.67957
1,1,30,0.26554,-0.26554,0.54212
1,1,15,0.07506,0.07506,0.55076
1,1,30,0.028098,-0.028098,0.60302
1,1,30,1.17426,-1.17426,0.57697
1,1,30,0.21672,0.21672,0.65779
1,1,45,0.36108,-0.36108,0.60115
1,1,15,0.2352,0.2352,0.56436
1,1,15,0.034786,-0.034786,0.56987
1,1,45,1.7721,-1.7721,0.63017
1,1,45,2.6,2.6,0.55186
1,1,15,0.056218,0.056218,0.58492
1,1,30,0.3202,-0.3202,0.53099
1,1,45,1.35284,1.35284,0.61417
1,1,15,0.77874,-0.77874,0.56063
1,1,30,0.49902,0.49902,0.548
1,1,30,0.93038,-0.93038,0.56537
1,1,45,0.85368,-0.85368,0.68223
1,1,45,0.177808,0.177808,0.61502
1,1,45,1.0361,-1.0361,0.58877
1,1,15,0.29858,-0.29858,0.66196
1,1,15,0.32652,0.32652,0.5833
1,1,15,0.065346,0.065346,0.64557
1,1,30,0.100536,-0.100536,0.58428
1,1,15,0.046126,0.046126,0.54382
1,1,45,0.7649,0.7649,0.5701
1,1,15,0.3783,0.3783,0.66868
1,1,30,0.4434,-0.4434,0.59675
1,1,45,0.097144,0.097144,0.65021
1,1,45,1.94822,1.94822,0.60896
1,1,15,0.33698,0.33698,1.5917
1,1,15,0.95422,0.95422,0.60197
1,1,30,1.142,-1.142,0.65903
1,1,15,0.20402,0.20402,0.59509
1,1,45,0.47986,-0.47986,0.69721
1,1,45,1.69194,1.69194,0.71795
1,1,30,0.66476,-0.66476,0.64744
1,1,30,0.63506,0.63506,0.70007
1,1,30,0.072478,0.072478,1.159
1,1,45,0.08596,-0.08596,0.59898
1,1,30,0.055834,-0.055834,0.551
1,1,30,0.22496,0.22496,0.59041
1,1,45,0.99732,-0.99732,0.66874
1,1,45,0.38678,-0.38678,0.70571
1,1,30,0.2917,-0.2917,0.84507
1,1,15,0.108528,-0.108528,0.62133
1,1,30,0.49708,0.49708,0.61772
1,1,15,0.13082,0.13082,0.64269
1,1,45,0.51774,-0.51774,0.69533
1,1,45,0.0111954,0.0111954,0.59396
1,1,45,0.170254,-0.170254,0.9648
1,1,30,0.43366,-0.43366,0.59521
1,1,30,0.5863,-0.5863,0.6596
1,1,45,0.98888,-0.98888,0.68697
1,1,15,0.196838,0.196838,0.61598
1,1,15,0.24652,0.24652,0.62123
1,1,15,0.4994,0.4994,0.67714
1,1,30,0.128366,-0.128366,0.68298
1,1,30,0.60288,0.60288,0.64858
1,1,30,0.4102,0.4102,0.61105
1,1,45,2.514,2.514,0.68594
1,1,45,1.42748,-1.42748,0.67104
1,1,15,0.30688,0.30688,1.6939
1,1,15,0.23526,0.23526,0.65686
1,1,15,0.38684,0.38684,0.61203
1,1,45,0.79036,0.79036,0.70322
1,1,30,0.034574,-0.034574,0.6509
1,1,45,0.62794,-0.62794,0.81247
1,1,30,0.35,-0.35,0.74196
1,1,15,0.73672,-0.73672,0.98415
1,1,45,0.36742,-0.36742,0.72005
1,1,45,1.78278,-1.78278,0.8325
1,1,30,0.047466,-0.047466,0.8074
1,1,15,0.13721,0.13721,0.61033
1,1,15,0.25126,-0.25126,0.6539
1,1,30,0.2011,0.2011,0.65494
1,1,45,1.75222,-1.75222,0.70521
1,1,45,0.41674,-0.41674,0.62097
1,1,15,0.091408,-0.091408,1.1673
1,1,30,0.08699,-0.08699,0.57875
1,1,15,0.27088,-0.27088,0.74796
1,1,15,0.62174,-0.62174,0.60724
1,1,30,0.52334,0.52334,0.68859
1,1,45,0.32408,-0.32408,0.65126
1,1,15,0.23354,0.23354,0.70989
1,1,15,0.30158,0.30158,0.6287
1,1,30,0.120806,0.120806,0.66007
1,1,45,0.51612,-0.51612,1.1117
1,1,30,1.77856,1.77856,0.64576
1,1,45,0.37472,0.37472,0.74223
1,1,30,0.31982,0.31982,0.57084
1,1,30,0.06335,-0.06335,0.59905
1,1,45,1.9402,1.9402,0.65777
1,1,45,1.6628,-1.6628,0.71388
1,1,15,0.24508,-0.24508,0.56182
1,1,30,0.77948,0.77948,0.62703
1,1,15,0.162872,-0.162872,0.55352
1,1,45,1.26112,-1.26112,0.52779
1,1,15,0.34116,-0.34116,0.61705
1,1,30,0.6761,0.6761,0.54575
1,1,15,0.0072214,0.0072214,0.62472
1,1,30,0.80028,0.80028,0.61972
1,1,15,0.27464,-0.27464,0.63209
1,1,30,0.37248,0.37248,0.62446
1,1,45,1.08324,-1.08324,0.64618
1,1,15,0.8005,-0.8005,0.56181
1,1,30,0.174872,-0.174872,0.56355
1,1,45,0.14117,0.14117,0.78563
1,1,45,0.21166,0.21166,0.68215
1,1,45,0.0029268,-0.0029268,0.61284
1,0,30,1.22362,1.22362,0.65704
1,0,30,0.0724,0.0724,0.77872
1,0,15,0.22264,-0.22264,0.77885
1,0,15,0.17223,0.17223,0.72494
1,0,15,0.48912,0.48912,0.56104
1,0,15,0.128938,-0.128938,0.59311
1,0,30,0.5636,0.5636,0.64573
1,0,30,0.7177,-0.7177,0.62444
1,0,15,0.21674,0.21674,0.66197
1,0,45,0.79278,0.79278,0.80336
1,0,45,1.02834,1.02834,1.1704
1,0,30,0.114044,0.114044,0.97221
1,0,45,0.47038,0.47038,1.0094
1,0,45,0.26196,0.26196,0.79516
1,0,30,0.30412,0.30412,0.88973
1,0,15,0.29252,-0.29252,0.77991
1,0,30,1.47932,1.47932,0.74198
1,0,30,0.0185912,0.0185912,0.86054
1,0,45,0.19835,0.19835,0.76743
1,0,30,0.21924,-0.21924,0.68585
1,0,15,0.022732,0.022732,0.75693
1,0,45,1.76562,-1.76562,1.1684
1,0,45,0.40636,-0.40636,1.1454
1,0,15,0.061258,0.061258,0.78725
1,0,15,0.060794,-0.060794,0.81834
1,0,15,0.0031748,-0.0031748,0.72318
1,0,45,1.32146,1.32146,0.74184
1,0,45,0.33326,0.33326,1.3769
1,0,30,0.71768,0.71768,0.89385
1,0,45,0.37814,-0.37814,1.1293
1,0,45,0.32892,-0.32892,0.73035
1,0,45,2.384,-2.384,0.69706
1,0,30,0.199696,0.199696,0.61814
1,0,15,0.403,-0.403,0.69019
1,0,15,0.23038,-0.23038,0.60987
1,0,15,0.2165,-0.2165,0.58535
1,0,15,0.2476,0.2476,0.603
1,0,30,0.113862,-0.113862,0.66816
1,0,30,0.068328,-0.068328,0.67244
1,0,15,0.20544,-0.20544,0.69294
1,0,30,0.51418,-0.51418,1.1204
1,0,30,0.059694,0.059694,0.76298
1,0,45,1.34336,1.34336,0.68911
1,0,15,0.010116,0.010116,0.67665
1,0,15,0.030948,-0.030948,1.5376
1,0,45,0.52386,-0.52386,0.95004
1,0,15,0.170818,0.170818,0.8116
1,0,30,0.77588,-0.77588,1.1393
1,0,30,0.99654,-0.99654,0.80071
1,0,15,0.4593,0.4593,0.76508
1,0,45,0.9723,0.9723,1.2153
1,0,45,0.158852,-0.158852,0.81058
1,0,45,0.5212,-0.5212,0.74917
1,0,45,0.47432,0.47432,0.87274
1,0,30,0.81922,-0.81922,0.71462
1,0,45,0.33124,0.33124,0.78127
1,0,15,0.080006,-0.080006,0.72846
1,0,45,0.70512,0.70512,0.71398
1,0,30,0.130618,0.130618,0.61764
1,0,30,0.099612,-0.099612,0.69118
1,0,15,0.61016,0.61016,0.60764
1,0,45,2.127,2.127,0.57146
1,0,30,0.22582,-0.22582,1.0695
1,0,30,0.197088,0.197088,0.7176
1,0,15,0.186192,-0.186192,1.4253
1,0,45,0.55792,-0.55792,0.79196
1,0,15,0.2159,0.2159,0.72655
1,0,45,0.124452,0.124452,0.776
1,0,30,0.26624,0.26624,1.5062
1,0,45,0.163368,0.163368,1.23
1,0,45,1.05678,-1.05678,1.1912
1,0,45,0.26992,-0.26992,0.93058
1,0,45,0.85128,-0.85128,0.90297
1,0,15,0.152842,0.152842,0.80631
1,0,30,0.4632,0.4632,0.91097
1,0,30,0.33082,-0.33082,0.84392
1,0,45,0.85004,0.85004,0.90802
1,0,30,0.44852,0.44852,0.65443
1,0,15,0.24548,0.24548,0.59905
1,0,30,0.123362,-0.123362,1.9197
1,0,45,0.63676,-0.63676,0.93119
1,0,15,0.33126,0.33126,0.81591
1,0,15,0.30094,0.30094,0.81523
1,0,15,0.20886,0.20886,0.83107
1,0,30,0.129178,0.129178,0.82584
1,0,15,0.127326,-0.127326,0.65887
1,0,30,1.46722,-1.46722,0.85701
1,0,30,0.060818,0.060818,0.805
1,0,15,0.177884,-0.177884,0.71541
1,0,45,0.41926,0.41926,0.88628
1,0,45,0.59492,0.59492,0.76033
1,0,30,0.2853,-0.2853,0.7806
1,0,15,0.060428,-0.060428,0.76365
1,0,30,0.64316,0.64316,0.77887
1,0,30,0.010647,-0.010647,0.656
1,0,15,0.029278,0.029278,0.77347
1,0,15,0.00045654,-0.00045654,1.148
1,0,45,1.25516,-1.25516,2.2779
1,0,45,1.71394,-1.71394,1.2887
1,0,45,2.7202,2.7202,0.94548
1,0,30,0.11753,0.11753,0.78514
1,0,15,0.145512,0.145512,0.80003
1,0,30,0.083428,-0.083428,1.4033
1,0,30,0.65614,-0.65614,0.86811
1,0,30,0.074264,-0.074264,0.99859
1,0,30,0.038344,-0.038344,0.86017
1,0,45,0.0161932,-0.0161932,2.0704
1,0,45,0.57824,-0.57824,1.0689
1,0,15,0.42036,0.42036,0.7759
1,0,15,0.10147,-0.10147,0.81603
1,0,30,0.94644,0.94644,1.0693
1,0,30,0.21034,-0.21034,1.2574
1,0,15,0.185246,-0.185246,0.71496
1,0,45,0.44026,0.44026,0.93215
1,0,45,1.08514,1.08514,0.823
1,0,45,0.30106,0.30106,2.043
1,0,15,0.031288,-0.031288,0.98888
1,0,15,0.28538,-0.28538,0.86343
1,0,15,0.03258,0.03258,1.3045
1,0,45,0.143728,-0.143728,1.4824
1,1,15,0.157514,0.157514,0.64482
1,1,30,0.33182,-0.33182,0.59287
1,1,15,0.57204,-0.57204,0.60632
1,1,15,0.108564,-0.108564,0.61462
1,1,30,1.68372,-1.68372,0.67699
1,1,45,0.043208,0.043208,0.64195
1,1,30,0.6681,0.6681,0.59426
1,1,45,0.81874,0.81874,0.72347
1,1,15,0.41828,-0.41828,0.62742
1,1,30,1.59124,-1.59124,0.592
1,1,15,0.135644,0.135644,0.66866
1,1,45,0.95026,-0.95026,1.4824
1,1,30,0.41312,-0.41312,0.61005
1,1,30,0.44346,-0.44346,0.70694
1,1,30,1.59396,1.59396,0.72449
1,1,15,0.145168,-0.145168,0.75051
1,1,15,0.070346,0.070346,0.71106
1,1,45,0.125852,-0.125852,0.8322
1,1,45,0.94722,-0.94722,0.93386
1,1,15,0.33364,0.33364,0.73116
1,1,30,0.81968,-0.81968,0.69253
1,1,45,0.084102,0.084102,0.73064
1,1,15,0.6473,-0.6473,0.66436
1,1,45,0.147928,0.147928,0.86863
1,1,30,0.37976,-0.37976,0.7503
1,1,45,0.2047,-0.2047,0.93505
1,1,15,0.34452,0.34452,0.80018
1,1,45,0.165906,-0.165906,0.85624
1,1,30,0.77058,-0.77058,0.80798
1,1,45,2.322,2.322,1.3949
2,1,45,0.43296,-0.43296,0.94388
2,1,15,0.0149956,0.0149956,0.67311
2,1,30,0.176042,0.176042,0.73423
2,1,15,0.329,0.329,0.65818
2,1,30,0.20366,-0.20366,0.66894
2,1,45,0.3081,0.3081,0.67216
2,1,15,0.0023286,0.0023286,0.67455
2,1,45,0.159316,0.159316,0.80714
2,1,30,0.33314,0.33314,0.7062
2,1,15,0.63544,0.63544,1.0077
2,1,15,0.25678,-0.25678,0.75003
2,1,45,0.75234,0.75234,0.71981
2,1,15,0.48606,0.48606,0.60195
2,1,15,0.23768,0.23768,0.62509
2,1,30,0.189028,0.189028,1.1015
2,1,30,0.51974,-0.51974,0.65917
2,1,45,1.47594,1.47594,0.60143
2,1,30,0.02264,-0.02264,0.60648
2,1,15,0.17776,-0.17776,0.63411
2,1,45,1.51804,-1.51804,0.80909
2,1,45,1.5092,1.5092,0.56398
2,1,45,1.0156,1.0156,0.66563
2,1,30,0.22686,-0.22686,0.68105
2,1,30,0.61038,-0.61038,0.62588
2,0,30,0.29632,0.29632,0.99629
2,0,45,0.37128,0.37128,1.2304
2,0,30,0.27678,-0.27678,0.80233
2,0,30,0.198836,-0.198836,1.1921
2,0,30,0.3366,0.3366,0.98514
2,0,45,0.32496,0.32496,1.953
2,0,30,0.26476,0.26476,1.1774
2,0,30,0.2841,0.2841,1.5603
2,0,15,0.137104,0.137104,1.1176
2,0,15,0.2939,-0.2939,0.78009
2,0,30,0.28248,-0.28248,0.87689
2,0,45,2.42,-2.42,1.1293
2,0,15,0.25118,-0.25118,0.95105
2,0,45,0.79324,0.79324,1.1728
2,0,15,0.0171818,0.0171818,0.7711
2,0,45,1.8817,1.8817,1.8676
2,0,15,0.40738,0.40738,0.858
2,0,45,1.26056,1.26056,2.119
2,0,45,1.28108,1.28108,1.18
2,0,15,0.23932,0.23932,0.93343
2,0,30,0.2363,0.2363,1.1638
2,0,15,0.167278,0.167278,1.3036
2,0,15,0.26056,0.26056,0.93833
2,1,45,0.190484,-0.190484,0.68224
2,1,45,0.63952,-0.63952,0.73919
2,1,30,0.70528,-0.70528,0.74993
2,1,15,0.174616,0.174616,0.7832
2,1,15,0.10904,-0.10904,0.67042
2,1,15,0.44136,0.44136,0.62898
2,1,30,0.4832,-0.4832,0.97713
2,1,30,0.45266,0.45266,0.73002
2,1,15,0.53428,-0.53428,0.68185
2,1,45,0.152276,0.152276,0.71228
2,1,30,0.2306,-0.2306,0.73378
2,1,30,0.46242,0.46242,0.675
2,1,45,0.4746,0.4746,0.68113
2,1,30,0.167458,-0.167458,0.67605
2,1,45,1.58258,-1.58258,0.65725
2,1,30,0.86588,0.86588,0.62263
2,1,15,0.147342,0.147342,0.71675
2,1,30,0.66356,-0.66356,0.65093
2,1,15,0.112708,-0.112708,0.71558
2,1,45,0.77002,-0.77002,0.78722
2,1,15,0.56346,-0.56346,0.72918
2,1,45,0.3095,-0.3095,0.70474
2,1,15,0.29768,0.29768,0.76891
2,1,45,0.92972,0.92972,0.82
2,1,15,0.23712,-0.23712,0.66502
2,1,30,0.137664,0.137664,0.5937
2,1,30,0.050466,-0.050466,0.66519
2,1,30,0.4007,-0.4007,0.74575
2,1,30,0.086932,-0.086932,0.78419
2,1,45,2.4414,-2.4414,0.74027
2,1,45,2.0712,2.0712,0.79375
2,1,15,0.022828,-0.022828,0.59694
2,1,45,0.8135,0.8135,0.64994
2,1,30,0.10334,-0.10334,0.76916
2,1,45,0.78898,-0.78898,0.70438
2,1,45,1.1635,1.1635,0.96401
2,1,30,2.475,2.475,0.80254
2,1,15,0.163166,-0.163166,0.56014
2,1,15,0.22422,0.22422,0.59404
2,1,30,0.6679,-0.6679,0.71482
2,1,45,0.53644,-0.53644,0.83801
2,1,45,1.54362,-1.54362,0.65368
2,1,15,0.2925,-0.2925,0.59367
2,1,15,0.151196,-0.151196,0.68998
2,1,15,0.181318,0.181318,0.62997
2,1,30,0.51672,0.51672,0.67378
2,1,15,0.111776,-0.111776,0.66686
2,1,45,0.0068316,0.0068316,0.62335
2,1,30,0.32606,-0.32606,0.67192
2,1,30,0.27226,-0.27226,0.65393
2,1,15,0.46506,-0.46506,0.73766
2,1,30,1.4478,1.4478,0.67366
2,1,15,0.3368,-0.3368,0.76477
2,1,45,0.047024,-0.047024,0.86066
2,1,15,0.167414,0.167414,0.58249
2,1,15,0.30128,-0.30128,0.56871
2,1,45,0.15153,-0.15153,1.4471
2,1,45,0.7199,-0.7199,0.66096
2,1,45,1.229,-1.229,0.48595
2,1,15,0.21044,0.21044,1.0316
2,1,30,0.58086,0.58086,0.81785
2,1,45,1.12818,1.12818,1.2483
2,1,30,0.65158,-0.65158,0.67521
2,1,15,0.21966,-0.21966,0.68613
2,1,15,0.30362,-0.30362,0.68831
2,1,30,0.21968,0.21968,0.58862
2,1,30,0.58722,-0.58722,0.68269
2,1,30,0.082184,-0.082184,0.6011
2,1,45,0.69158,-0.69158,0.84723
2,1,45,0.0171058,0.0171058,0.61308
2,1,45,3.0626,-3.0626,0.7434
2,1,15,0.22752,0.22752,0.62467
2,1,45,0.088798,0.088798,0.64059
2,1,15,0.8666,-0.8666,0.56808
2,1,15,0.49116,-0.49116,0.62761
2,1,15,0.72318,-0.72318,0.65615
2,1,30,1.6014,-1.6014,0.73706
2,1,15,0.037576,-0.037576,0.6391
2,1,45,0.92476,-0.92476,1.0524
2,1,45,0.160368,0.160368,0.60998
2,1,45,0.0056646,0.0056646,0.6889
2,1,30,0.49362,-0.49362,0.97738
2,1,45,0.109264,0.109264,1.132
2,1,30,1.51552,-1.51552,0.57177
2,1,30,0.39488,-0.39488,1.0891
2,1,45,1.75936,-1.75936,0.69093
2,1,30,0.13881,-0.13881,0.58815
2,1,15,0.0128422,0.0128422,0.56191
2,1,15,0.195096,-0.195096,0.59582
2,1,45,1.19182,1.19182,0.72005
2,1,15,0.114192,0.114192,0.5695
2,1,30,1.10778,1.10778,0.65608
2,1,15,0.028388,-0.028388,0.69878
2,1,30,0.58932,0.58932,0.61747
2,1,30,0.28492,0.28492,0.66139
2,1,45,1.51936,-1.51936,0.68501
2,0,15,0.3256,-0.3256,0.68169
2,0,15,0.20714,-0.20714,0.75991
2,0,45,0.71578,0.71578,0.94306
2,0,45,0.65374,-0.65374,0.74814
2,0,45,0.936,0.936,0.71884
2,0,30,0.6577,-0.6577,1.2095
2,0,30,0.62732,0.62732,0.73031
2,0,15,0.0072802,0.0072802,0.67333
2,0,45,0.88338,-0.88338,0.97539
2,0,30,0.50394,0.50394,0.71913
2,0,30,0.59762,0.59762,0.68109
2,0,30,0.29486,0.29486,0.98537
2,0,15,0.075764,0.075764,0.72466
2,0,15,0.09525,-0.09525,0.79321
2,0,45,0.0045508,-0.0045508,1.0003
2,0,30,0.95486,-0.95486,0.97215
2,0,45,0.84722,-0.84722,0.85811
2,0,15,0.034402,0.034402,0.76384
2,0,15,0.056398,-0.056398,0.78607
2,0,30,0.77006,-0.77006,1.1167
2,0,30,0.074484,0.074484,0.80032
2,0,15,0.42172,-0.42172,0.74095
2,0,45,0.37356,0.37356,0.86464
2,0,45,0.53486,0.53486,0.65491
2,0,30,0.087154,0.087154,0.72661
2,0,15,0.004954,0.004954,0.73086
2,0,15,0.032682,-0.032682,0.70595
2,0,30,0.22846,-0.22846,0.82439
2,0,45,0.84106,0.84106,0.8891
2,0,45,0.142012,-0.142012,0.8743
2,0,30,0.190088,0.190088,0.64137
2,0,15,0.29686,0.29686,0.58397
2,0,30,0.12888,0.12888,0.66711
2,0,45,0.7295,0.7295,1.4255
2,0,15,0.58444,-0.58444,1.1456
2,0,30,0.197854,0.197854,0.8304
2,0,15,0.21502,0.21502,0.69321
2,0,15,0.3291,-0.3291,0.60878
2,0,45,1.22568,-1.22568,1.095
2,0,15,0.170058,0.170058,0.72655
2,0,45,0.82536,-0.82536,1.2376
2,0,30,0.28452,0.28452,0.77728
2,0,30,0.44194,-0.44194,0.63942
2,0,15,0.04954,0.04954,0.77225
2,0,45,0.274,-0.274,1.0139
2,0,45,0.29502,0.29502,0.68522
2,0,45,0.88856,-0.88856,1.3602
2,0,30,0.52382,-0.52382,0.99585
2,0,15,0.0162162,0.0162162,0.61931
2,0,15,0.56468,0.56468,0.52432
2,0,15,0.21864,0.21864,0.59498
2,0,45,1.3857,-1.3857,0.61681
2,0,30,0.137184,0.137184,0.69018
2,0,15,0.099848,0.099848,0.70206
2,0,15,0.068148,0.068148,0.70603
2,0,45,1.6362,1.6362,0.61545
2,0,45,2.143,2.143,0.34049
2,0,45,1.36982,-1.36982,1.2299
2,0,45,1.99666,1.99666,1.4355
2,0,15,0.32778,0.32778,0.69936
2,0,30,0.082984,-0.082984,1.9455
2,0,30,0.069354,0.069354,0.7339
2,0,30,0.149132,-0.149132,0.8841
2,0,30,0.8172,0.8172,0.60748
2,0,45,2.8984,2.8984,0.62985
2,0,30,0.40734,0.40734,1.0186
2,0,15,0.35934,-0.35934,0.70953
2,0,45,0.57604,-0.57604,1.3103
2,0,30,0.194034,0.194034,1.0752
2,0,45,0.4215,0.4215,1.5324
2,0,15,0.20932,0.20932,0.73924
2,0,30,0.100126,0.100126,0.73279
2,0,30,0.39426,-0.39426,1.3183
2,0,15,0.16529,0.16529,0.72414
2,0,30,0.102148,0.102148,1.3613
2,0,30,0.115904,0.115904,0.97393
2,0,30,1.08044,-1.08044,0.70912
2,0,15,0.32596,0.32596,0.63862
2,0,30,0.0111504,0.0111504,0.94892
2,0,15,0.21846,0.21846,0.76378
2,0,45,0.44456,-0.44456,0.79451
2,0,45,0.12021,-0.12021,1.4854
2,0,30,0.085148,0.085148,1.0834
2,0,45,0.5063,0.5063,0.82795
2,0,45,0.7884,-0.7884,0.73191
2,0,15,0.050506,-0.050506,0.61727
2,0,15,0.21562,-0.21562,0.73584
2,0,30,0.171748,-0.171748,0.63708
2,0,30,0.8472,-0.8472,0.59611
2,0,45,0.31852,0.31852,0.92514
2,0,15,0.59116,0.59116,0.55283
2,0,45,0.46732,0.46732,0.55198
2,0,15,0.022308,0.022308,0.64005
2,0,15,0.26288,0.26288,0.6438
2,0,45,0.95114,-0.95114,0.67545
2,1,45,0.46068,0.46068,0.6452
2,1,15,0.07449,-0.07449,0.58236
2,1,45,0.53386,0.53386,0.88312
2,1,30,0.029672,0.029672,0.73867
2,1,45,1.55164,1.55164,0.93523
2,1,15,0.06544,0.06544,0.58697
2,1,45,0.29926,-0.29926,0.70251
2,1,30,0.82092,-0.82092,0.74353
2,1,15,0.22068,0.22068,0.64207
2,1,30,0.47078,0.47078,0.95422
2,1,30,0.465,0.465,0.80041
2,1,45,0.52944,0.52944,0.82515
2,1,15,0.25798,-0.25798,0.70436
2,1,15,0.100644,-0.100644,0.81015
2,1,45,0.81636,0.81636,0.75353
2,1,15,0.05458,0.05458,0.66055
2,1,30,0.037868,-0.037868,1.5975
2,1,45,0.157964,0.157964,0.63285
2,1,15,0.026818,-0.026818,0.79645
2,1,45,0.37746,0.37746,0.94936
2,1,15,0.0046742,0.0046742,0.69598
2,1,30,0.20098,-0.20098,0.98592
2,1,30,0.3773,0.3773,0.97526
2,1,30,0.10958,0.10958,1.2543
2,1,45,0.24104,-0.24104,0.76623
2,1,30,0.49034,-0.49034,0.54915
2,1,15,0.031436,0.031436,0.54778
2,1,45,0.123452,-0.123452,0.60081
2,1,30,0.03575,0.03575,0.52861
2,1,30,2.157,-2.157,0.514
2,1,30,0.76612,-0.76612,0.71214
2,1,15,0.59154,-0.59154,0.593
2,1,15,0.13869,-0.13869,0.59395
2,1,15,0.105472,-0.105472,0.61361
2,1,45,0.024254,-0.024254,0.72407
2,1,30,0.048172,-0.048172,0.78109
2,1,15,0.154788,0.154788,0.72616
2,1,30,0.38958,-0.38958,0.74227
2,1,30,0.68858,-0.68858,0.58585
2,1,30,0.41992,-0.41992,0.64557
2,1,45,0.55166,0.55166,0.55573
2,1,45,0.79284,0.79284,0.64846
2,1,15,0.079068,0.079068,0.72385
2,1,45,1.51668,-1.51668,0.64452
2,1,45,0.6654,0.6654,0.60007
2,1,45,0.81562,0.81562,0.70932
2,1,15,0.027548,0.027548,0.6066
2,1,15,0.25158,0.25158,1.0354
2,1,30,0.47048,0.47048,0.75216
2,1,15,0.152936,0.152936,0.63876
2,1,30,0.56882,0.56882,0.65122
2,1,45,0.8059,0.8059,0.64787
2,1,45,0.5427,-0.5427,0.63716
2,1,15,0.63244,-0.63244,0.65753
2,1,30,0.95614,0.95614,0.79527
2,1,30,0.22582,-0.22582,0.61715
2,1,45,0.84426,0.84426,0.73978
2,1,30,0.31826,0.31826,0.60756
2,1,15,0.060516,-0.060516,0.58589
2,1,15,0.47854,-0.47854,0.55555
2,1,15,0.30822,-0.30822,0.56899
2,1,45,1.92298,-1.92298,0.55316
2,1,30,0.199528,0.199528,0.60777
2,1,45,3.0984,3.0984,0.55871
2,1,45,0.88304,-0.88304,0.70064
2,1,30,0.024624,-0.024624,1.4553
2,1,15,0.190702,-0.190702,0.67223
2,1,45,1.02208,1.02208,0.60131
2,1,15,0.086126,-0.086126,0.58542
2,1,45,1.18854,1.18854,0.5579
2,1,30,0.083896,0.083896,0.63111
2,1,15,0.06822,-0.06822,0.50092
2,0,15,0.0093808,0.0093808,0.71463
2,0,45,0.4228,0.4228,0.80777
2,0,30,0.052154,-0.052154,0.67701
2,0,30,1.07528,-1.07528,0.93621
2,0,15,0.17381,0.17381,0.59836
2,0,15,0.154826,0.154826,0.66949
2,0,30,0.76552,0.76552,0.67088
2,0,15,0.072948,-0.072948,0.7114
2,0,30,0.91706,-0.91706,0.8158
2,0,45,0.063122,-0.063122,1.4495
2,0,30,0.33938,-0.33938,0.66472
2,0,30,0.060858,0.060858,0.61086
2,0,15,0.073854,0.073854,0.6751
2,0,30,0.188134,0.188134,0.78629
2,0,15,0.64772,0.64772,0.63501
2,0,15,0.28196,-0.28196,0.64323
2,0,45,0.87006,0.87006,1.1995
2,0,45,0.0074126,-0.0074126,0.70385
2,0,15,0.148196,0.148196,1.6666
2,0,30,0.126212,-0.126212,1.0834
2,0,45,1.0059,1.0059,0.82124
2,0,45,2.2676,2.2676,1.1349
2,0,45,0.82046,-0.82046,1.1889
2,0,45,1.28066,-1.28066,0.93304
2,0,30,0.66182,-0.66182,0.74528
2,0,30,0.31274,0.31274,0.64169
2,0,30,0.30992,0.30992,0.67944
2,0,15,0.163868,0.163868,0.61259
2,0,45,0.80782,-0.80782,0.94318
2,0,30,0.27222,-0.27222,0.73894
2,0,30,0.27598,-0.27598,0.80526
2,0,45,1.07846,1.07846,0.72506
2,0,15,0.024058,-0.024058,0.75219
2,0,15,0.5446,-0.5446,0.78184
2,0,30,0.27104,0.27104,0.75416
2,0,30,0.3889,0.3889,0.69823
2,0,45,1.15574,-1.15574,2.3844
2,0,15,0.161906,-0.161906,0.70795
2,0,15,0.28764,0.28764,0.79099
2,0,45,0.0027118,0.0027118,0.83229
2,0,45,0.136346,0.136346,0.77536
2,0,30,0.68422,-0.68422,0.72892
2,0,15,0.122736,0.122736,0.66398
2,0,15,0.05894,-0.05894,0.70219
2,0,45,0.62728,0.62728,1.4572
2,0,45,0.36534,0.36534,0.85806
2,0,15,0.108252,-0.108252,0.84014
2,0,45,1.51288,1.51288,0.97741
2,0,45,2.2822,2.2822,0.68762
2,0,15,0.2156,0.2156,0.8242
2,0,15,0.022168,-0.022168,0.93664
2,0,15,0.2048,0.2048,0.72465
2,0,30,0.02041,-0.02041,0.96624
2,0,45,0.75434,0.75434,0.78178
2,0,15,0.5208,-0.5208,0.73688
2,0,30,0.78492,-0.78492,0.86805
2,0,15,0.26618,-0.26618,1.0835
2,0,45,1.62888,1.62888,1.2477
2,0,30,1.01194,-1.01194,0.79253
2,0,30,0.135278,0.135278,0.68737
2,0,15,0.36916,0.36916,0.67899
2,0,45,3.0176,3.0176,0.64395
2,0,30,0.44336,0.44336,0.67949
2,0,45,0.4909,0.4909,0.68394
2,0,30,0.63902,-0.63902,1.3237
2,0,15,0.028956,-0.028956,0.64439
2,0,30,0.6161,-0.6161,0.64642
2,0,45,0.81988,-0.81988,0.90197
2,0,45,0.85886,0.85886,1.5874
2,0,45,0.45182,-0.45182,1.6859
2,0,15,0.043474,0.043474,1.005
2,0,30,0.56056,-0.56056,0.661
2,0,15,0.00028294,0.00028294,0.70458
2,0,30,0.43782,-0.43782,0.94767
2,0,30,0.45736,0.45736,1.1135
2,0,30,0.37748,0.37748,1.0269
2,0,45,1.23412,-1.23412,1.3791
2,0,45,1.14884,-1.14884,1.0171
2,0,45,1.94804,-1.94804,1.2901
2,0,30,0.4605,0.4605,1.3716
2,0,15,0.3971,-0.3971,0.73017
2,0,45,0.3207,-0.3207,1.3888
2,0,30,0.63164,0.63164,0.75801
2,0,45,0.57014,-0.57014,0.71416
2,0,15,0.152158,-0.152158,0.67583
2,0,15,0.144296,-0.144296,0.76003
2,0,45,2.7298,2.7298,1.4318
2,0,30,0.31464,0.31464,0.91663
2,0,15,0.022606,-0.022606,0.78078
2,0,30,0.6534,-0.6534,1.1319
2,0,15,0.20722,0.20722,0.89461
2,0,30,0.5708,-0.5708,1.1181
2,0,15,0.28906,0.28906,1.1568
2,0,45,0.56232,-0.56232,1.2484
2,0,45,2.0034,-2.0034,1.0769
2,0,15,0.12894,0.12894,0.91206
2,0,45,0.32642,-0.32642,0.69809
2,0,15,0.47926,0.47926,0.60307
2,0,30,0.26362,0.26362,0.76156
2,0,15,0.175678,-0.175678,0.70072
2,0,30,0.23304,0.23304,0.64981
2,0,45,0.79424,0.79424,0.64476
2,0,15,0.027316,0.027316,0.56956
2,0,30,1.06082,-1.06082,0.62819
2,0,30,0.57622,0.57622,0.53186
2,0,15,0.33788,0.33788,0.57347
2,0,15,0.42548,-0.42548,0.50938
2,0,45,0.76654,-0.76654,0.54276
2,0,45,0.75472,-0.75472,0.58085
2,0,30,0.46722,-0.46722,0.55146
2,0,15,0.32538,0.32538,0.55446
2,0,45,1.37942,-1.37942,0.53078
2,0,30,0.124966,0.124966,0.48445
2,0,45,0.7974,-0.7974,0.61405
2,0,45,1.62816,1.62816,0.60641
2,0,15,0.30726,0.30726,0.64167
2,0,30,0.39384,0.39384,0.78145
2,0,45,1.36556,-1.36556,0.57661
2,0,30,0.2193,0.2193,0.599
2,0,15,0.035714,-0.035714,0.81416
2,1,15,0.120202,-0.120202,0.65857
2,1,15,0.47988,0.47988,0.62814
2,1,15,0.73032,-0.73032,0.57959
2,1,45,0.38192,-0.38192,0.74594
2,1,45,0.7433,-0.7433,0.53297
2,1,30,0.2973,0.2973,0.6959
2,1,15,0.34612,-0.34612,0.55958
2,1,30,0.023718,0.023718,1.0527
2,1,45,1.10306,-1.10306,0.57891
2,1,30,0.188018,-0.188018,0.5679
2,1,15,0.25674,-0.25674,0.50249
2,1,45,0.32208,-0.32208,0.49042
2,1,15,0.095108,-0.095108,0.88344
2,1,30,1.20198,1.20198,0.60769
2,1,45,0.30566,-0.30566,0.95641
2,1,45,0.55216,0.55216,0.61139
2,1,45,0.5218,-0.5218,0.63957
2,1,30,0.42536,-0.42536,0.51138
2,1,45,0.99476,0.99476,0.52176
2,1,30,0.49098,-0.49098,0.59547
2,1,30,0.24788,0.24788,0.79699
2,1,15,0.138562,0.138562,0.6444
2,1,15,0.20066,0.20066,0.74587
2,1,30,0.27972,0.27972,0.66559
2,1,45,1.07048,-1.07048,0.60076
2,1,30,0.41564,0.41564,0.71703
2,1,30,1.02842,-1.02842,0.62306
2,1,45,1.77206,-1.77206,0.77524
2,1,15,0.55436,0.55436,0.59239
2,1,15,0.47402,0.47402,0.5658
2,1,15,0.31588,-0.31588,0.53686
2,1,45,0.158492,0.158492,0.60055
2,1,15,0.47782,-0.47782,0.56099
2,1,30,0.165364,0.165364,0.58489
2,1,30,0.129592,0.129592,0.65768
2,1,15,0.059614,0.059614,0.53597
2,1,15,0.3714,0.3714,0.63806
2,1,30,0.190564,0.190564,0.56687
2,1,15,0.4085,-0.4085,0.55367
2,1,45,1.44104,1.44104,0.61482
2,1,45,1.47444,-1.47444,0.66086
2,1,45,0.48584,-0.48584,0.63811
2,1,45,0.51536,0.51536,0.60017
2,1,30,0.53366,-0.53366,0.58886
2,1,45,0.52576,0.52576,0.62922
2,1,15,0.45426,-0.45426,0.60051
2,1,30,0.86302,0.86302,0.72228
3,0,30,1.00814,-1.00814,1.753
3,0,30,0.3051,0.3051,1.345
3,0,15,0.2641,-0.2641,1.2786
3,0,15,0.46356,0.46356,1.3922
3,0,15,0.032162,0.032162,1.3483
3,0,30,0.137338,-0.137338,1.2464
3,0,30,0.41248,0.41248,1.2605
3,0,45,2.45,2.45,2.1035
3,0,15,0.181238,0.181238,1.439
3,0,45,0.54252,0.54252,1.1946
3,0,30,0.22018,-0.22018,1.935
3,0,45,0.048866,-0.048866,0.97042
3,0,15,1.36666,1.36666,0.85857
3,0,45,0.0066062,0.0066062,1.5801
3,0,15,0.28708,-0.28708,0.79261
3,0,30,0.055378,0.055378,1.2052
3,0,30,0.19335,-0.19335,1.1812
3,0,15,0.53034,0.53034,0.74951
3,0,15,0.16989,0.16989,0.75498
3,0,45,0.43164,-0.43164,2.2101
3,0,30,0.57632,0.57632,1.17
3,0,45,0.26604,0.26604,1.5371
3,1,45,2.2458,2.2458,0.71564
3,1,30,0.3227,-0.3227,0.52016
3,1,30,3.0028,3.0028,0.74393
3,1,45,0.4423,0.4423,2.3023
3,1,45,0.82272,-0.82272,1.0306
3,1,15,0.127466,0.127466,1.1437
3,1,30,0.63874,-0.63874,1.4427
3,1,15,0.39346,0.39346,0.6137
3,1,30,0.24808,-0.24808,1.1951
3,1,30,0.8169,-0.8169,1.0954
3,1,15,2.6502,-2.6502,0.53645
3,1,45,2.2724,2.2724,1.0873
3,1,45,2.39,-2.39,1.0195
3,1,30,1.5876,-1.5876,1.707
3,1,45,2.3864,-2.3864,0.93056
3,1,15,1.02286,1.02286,0.8606
3,1,30,0.73772,0.73772,0.83555
3,1,30,0.352,-0.352,0.7707
3,1,45,0.69094,0.69094,0.77693
3,1,45,0.26436,-0.26436,1.2985
3,1,15,0.2451,0.2451,0.99958
3,1,15,0.22524,0.22524,0.80937
3,1,15,0.48044,0.48044,0.71844
3,1,15,0.87728,0.87728,0.67361
3,1,15,0.5937,0.5937,0.61085
3,1,15,0.023598,0.023598,0.61836
3,1,15,0.45694,0.45694,0.58679
3,1,30,0.79898,-0.79898,0.61338
3,1,45,1.39476,1.39476,1.2477
3,1,15,0.48866,0.48866,0.46073
3,1,15,0.076834,-0.076834,0.5444
3,1,30,0.3679,-0.3679,0.53982
3,1,45,0.2068,-0.2068,0.87038
3,1,30,3.095,-3.095,0.81535
3,1,45,0.77182,-0.77182,1.0201
3,1,30,0.75322,0.75322,0.70305
3,1,30,0.130372,-0.130372,0.62871
3,1,15,0.031664,-0.031664,0.59318
3,1,15,0.183038,-0.183038,0.54618
3,1,30,1.44224,-1.44224,0.57147
3,1,45,0.26902,0.26902,0.66655
3,1,30,0.21664,0.21664,0.73342
3,1,15,0.57148,0.57148,0.49582
3,1,30,0.0051394,0.0051394,0.60537
3,1,45,0.9531,-0.9531,0.86341
3,1,45,0.2597,0.2597,0.92003
3,1,45,1.7584,1.7584,0.92192
3,1,45,1.33862,1.33862,0.54934
3,0,30,0.0151232,0.0151232,0.75873
3,0,30,0.92266,-0.92266,1.9403
3,0,45,0.72216,-0.72216,0.8892
3,0,30,0.7674,0.7674,0.95902
3,0,30,0.25402,-0.25402,1.3221
3,0,15,0.40488,0.40488,0.79221
3,0,30,0.54242,-0.54242,1.0574
3,0,45,0.28288,0.28288,0.84789
3,0,15,0.35942,-0.35942,0.75945
3,0,30,1.82016,1.82016,1.7208
3,0,15,0.56306,0.56306,0.79857
3,0,45,2.8058,-2.8058,1.1299
3,0,15,0.21318,0.21318,1.6544
3,0,30,0.36384,-0.36384,1.0937
3,0,45,0.47192,0.47192,2.1847
3,0,15,0.191742,0.191742,0.68915
3,0,15,0.39754,0.39754,0.94092
3,0,15,0.042996,0.042996,0.85327
3,0,30,1.0816,1.0816,1.2535
3,0,45,2.4252,-2.4252,1.9801
3,0,45,2.983,2.983,2.075
3,0,15,0.63652,0.63652,1.9784
3,1,30,0.31992,-0.31992,0.68673
3,1,30,0.014794,-0.014794,1.1292
3,1,30,0.37254,-0.37254,0.64294
3,1,45,0.32912,0.32912,1.0077
3,1,45,0.81406,0.81406,0.81144
3,1,30,0.036376,0.036376,0.58932
3,1,15,0.22298,-0.22298,0.56816
3,1,45,1.05402,1.05402,0.55519
3,1,45,0.52738,-0.52738,0.76905
3,1,30,0.70708,0.70708,0.58586
3,1,45,0.32026,0.32026,0.85283
3,1,30,0.24084,-0.24084,0.64815
3,1,15,0.0024224,-0.0024224,0.79347
3,1,15,0.3539,0.3539,0.69663
3,1,15,0.0158504,-0.0158504,0.6914
3,1,45,1.08108,1.08108,0.96055
3,1,45,1.43302,1.43302,0.67774
3,1,15,0.153578,-0.153578,0.57893
3,1,15,0.15531,0.15531,0.56788
3,1,15,0.53988,-0.53988,0.54187
3,1,30,1.01018,-1.01018,1.186
3,1,30,1.36782,-1.36782,0.57182
3,1,15,0.2007,-0.2007,0.53349
3,1,45,1.46824,1.46824,0.61902
3,1,45,0.138504,0.138504,0.44564
3,1,45,2.3896,-2.3896,0.67902
3,1,45,0.067722,0.067722,0.52462
3,1,45,1.39444,-1.39444,0.60873
3,1,30,0.07091,0.07091,0.52976
3,1,30,0.39956,-0.39956,0.40784
3,1,15,0.93294,0.93294,0.53541
3,1,15,0.093836,0.093836,0.92191
3,1,15,0.038346,-0.038346,0.81436
3,1,45,0.92086,0.92086,0.58074
3,1,15,0.047412,0.047412,0.46951
3,1,45,1.6133,-1.6133,0.60137
3,1,15,0.36584,-0.36584,0.52546
3,1,15,0.11445,0.11445,0.59688
3,1,30,0.42106,-0.42106,0.53862
3,1,15,1.26854,-1.26854,0.68288
3,1,30,1.1021,1.1021,0.53217
3,1,30,0.062038,-0.062038,0.64515
3,1,45,2.3312,2.3312,0.81077
3,1,30,0.142082,-0.142082,0.46619
3,1,30,0.137816,-0.137816,0.54721
3,1,15,0.95196,0.95196,0.55275
3,1,45,0.38598,-0.38598,1.0042
3,1,30,0.16696,0.16696,0.61312
3,0,15,0.32258,0.32258,0.7696
3,0,45,1.9462,1.9462,1.0727
3,0,15,0.29106,0.29106,0.65954
3,0,15,0.30062,-0.30062,0.83892
3,0,15,0.07332,-0.07332,0.57476
3,0,15,0.4241,0.4241,0.82781
3,0,15,0.0103692,-0.0103692,0.72201
3,0,45,0.106932,-0.106932,1.3651
3,0,45,2.5482,-2.5482,1.5717
3,0,45,0.80272,0.80272,1.4259
3,0,45,0.3298,0.3298,1.0095
3,0,30,1.23512,-1.23512,0.95632
3,0,45,1.05908,-1.05908,1.5031
3,0,30,0.142018,0.142018,1.0184
3,0,15,0.436,-0.436,1.5672
3,0,45,2.78,-2.78,2.1563
3,0,30,0.119234,0.119234,1.0846
3,0,30,0.42582,0.42582,1.7228
3,0,30,0.9762,0.9762,1.0088
3,0,30,0.9913,-0.9913,0.791
3,0,45,1.92434,-1.92434,0.77503
3,0,15,0.159332,0.159332,0.74693
3,0,30,0.57268,0.57268,0.96796
3,0,30,0.58894,0.58894,0.66802
3,1,15,0.59202,-0.59202,0.48186
3,1,15,0.7495,-0.7495,0.61735
3,1,45,1.24782,1.24782,0.57847
3,1,45,2.6598,-2.6598,0.63217
3,1,30,0.48306,-0.48306,0.94202
3,1,45,0.85214,-0.85214,0.69779
3,1,15,0.028056,-0.028056,0.63895
3,1,15,0.43074,-0.43074,0.61394
3,1,30,0.054428,0.054428,1.1237
3,1,45,0.43518,0.43518,1.0649
3,1,45,2.0942,2.0942,0.81603
3,1,30,0.57644,-0.57644,0.5887
3,1,15,0.63784,0.63784,0.68616
3,1,30,0.44004,-0.44004,0.78576
3,1,45,1.77262,1.77262,1.1598
3,1,15,0.72512,0.72512,0.65443
3,1,30,0.185726,0.185726,0.58469
3,1,30,0.8504,-0.8504,0.57371
3,1,30,0.51742,-0.51742,0.71487
3,1,45,0.22508,-0.22508,0.49422
3,1,15,0.2695,-0.2695,0.59737
3,1,45,0.54106,0.54106,0.58028
3,1,30,0.37102,-0.37102,0.58797
3,1,15,0.75172,-0.75172,0.62247
3,0,15,0.157194,-0.157194,0.69708
3,0,30,0.67754,-0.67754,1.0769
3,0,15,0.077066,0.077066,0.596
3,0,15,0.33174,-0.33174,0.56931
3,0,30,0.84212,0.84212,0.57325
3,0,15,0.21564,0.21564,0.50737
3,0,30,0.64836,0.64836,0.75014
3,0,45,0.31398,-0.31398,0.60441
3,0,30,0.174382,-0.174382,0.78671
3,0,45,0.81338,-0.81338,1.3375
3,0,30,0.26404,-0.26404,1.4938
3,0,15,0.39684,0.39684,0.91856
3,0,15,0.073204,-0.073204,0.66666
3,0,45,0.34564,0.34564,1.2461
3,0,15,0.67302,-0.67302,0.71985
3,0,45,1.27106,1.27106,1.358
3,0,45,0.63508,0.63508,1.4817
3,0,45,1.29568,1.29568,0.86318
3,0,30,1.8298,1.8298,1.0349
3,0,45,1.92166,1.92166,1.3325
3,0,30,0.089174,0.089174,0.93128
3,0,30,0.22102,0.22102,0.79219
3,0,45,1.10208,-1.10208,0.80959
3,0,15,0.57584,-0.57584,0.9293
3,1,15,1.1032,1.1032,0.84429
3,1,15,0.087632,0.087632,0.53278
3,1,15,0.5382,-0.5382,0.51335
3,1,30,2.2722,-2.2722,0.42376
3,1,15,0.27998,-0.27998,0.53657
3,1,15,0.39856,0.39856,0.51041
3,1,15,0.61156,-0.61156,0.4708
3,1,45,1.2251,-1.2251,0.58271
3,1,45,0.72158,-0.72158,0.54883
3,1,45,0.42672,0.42672,0.64028
3,1,30,0.98098,0.98098,0.56415
3,1,45,0.89582,-0.89582,0.54435
3,1,45,0.76788,0.76788,0.66298
3,1,30,0.56514,-0.56514,0.62051
3,1,30,0.18151,0.18151,0.49091
3,1,15,0.65762,-0.65762,0.58864
3,1,45,1.49804,-1.49804,0.93638
3,1,45,0.93274,0.93274,0.63396
3,1,30,0.30022,0.30022,0.68739
3,1,30,0.98444,0.98444,0.94146
3,1,30,1.6066,-1.6066,0.82118
3,1,15,0.91498,-0.91498,0.53831
3,1,45,0.44572,-0.44572,0.56073
3,1,30,0.052456,0.052456,0.49554
3,1,30,0.100006,0.100006,0.69093
3,1,30,0.28872,0.28872,0.72896
3,1,30,0.59526,0.59526,0.89639
3,1,45,0.85014,0.85014,0.67131
3,1,45,0.52618,0.52618,0.57081
3,1,45,1.56058,1.56058,0.54671
3,1,30,0.006989,-0.006989,0.52087
3,1,30,0.81652,-0.81652,0.67629
3,1,45,2.5168,2.5168,0.88038
3,1,30,1.47236,-1.47236,0.81249
3,1,45,1.70834,1.70834,0.78006
3,1,30,0.054242,-0.054242,0.53909
3,1,15,0.39818,0.39818,0.56957
3,1,45,1.30782,1.30782,0.7784
3,1,45,1.36872,1.36872,0.4491
3,1,15,0.37582,0.37582,0.50758
3,1,45,1.05984,1.05984,0.5446
3,1,15,0.189424,0.189424,0.49779
3,1,15,0.51448,0.51448,0.47895
3,1,15,0.45092,0.45092,0.53944
3,1,15,0.071682,-0.071682,0.54448
3,1,15,0.2056,0.2056,0.57301
3,1,15,0.078338,0.078338,0.54962
3,1,30,1.4784,-1.4784,0.58976
3,0,45,2.9692,-2.9692,0.74112
3,0,15,0.99828,0.99828,0.64263
3,0,45,0.288,0.288,0.77114
3,0,45,0.17169,0.17169,0.92354
3,0,15,0.30384,-0.30384,0.66333
3,0,30,2.1918,-2.1918,1.1745
3,0,45,0.34904,-0.34904,1.0718
3,0,30,0.4351,-0.4351,1.0296
3,0,30,0.166488,-0.166488,1.439
3,0,15,0.119204,0.119204,0.77742
3,0,15,0.54124,0.54124,0.81092
3,0,30,0.8194,-0.8194,1.0485
3,0,15,0.53974,0.53974,0.5832
3,0,30,1.08016,-1.08016,1.5026
3,0,15,0.120846,0.120846,1.1372
3,0,45,1.72038,-1.72038,1.192
3,0,15,0.117622,-0.117622,0.62118
3,0,45,0.0020378,-0.0020378,1.199
3,0,45,1.21074,-1.21074,1.222
3,0,45,1.86126,-1.86126,1.3316
3,0,30,0.82002,0.82002,2.4684
3,0,15,0.145252,-0.145252,0.67201
3,0,30,1.41766,-1.41766,2.0162
3,0,30,0.77272,-0.77272,0.85309
3,1,30,1.87788,1.87788,2.397
3,1,15,0.193742,-0.193742,0.565
3,1,30,0.91142,0.91142,1.2158
3,1,45,0.8743,-0.8743,0.48056
3,1,30,1.0366,-1.0366,0.47581
3,1,30,0.39896,-0.39896,0.58847
3,1,15,0.03372,-0.03372,0.6067
3,1,15,0.139674,0.139674,0.39874
3,1,15,0.42626,-0.42626,0.58767
3,1,45,2.2548,-2.2548,0.55698
3,1,45,0.70648,-0.70648,0.50945
3,1,45,0.20406,-0.20406,0.49203
3,1,45,0.021728,-0.021728,0.47622
3,1,45,2.6002,2.6002,0.93659
3,1,30,0.8841,0.8841,1.0251
3,1,45,0.38828,-0.38828,0.54126
3,1,30,0.071504,-0.071504,0.50657
3,1,30,0.037966,0.037966,0.5278
3,1,15,0.2335,0.2335,0.56435
3,1,45,1.94286,1.94286,0.46458
3,1,30,1.97684,1.97684,0.50684
3,1,15,1.20266,1.20266,0.50579
3,1,15,0.049984,-0.049984,0.53928
3,1,15,0.38232,-0.38232,0.41794
3,0,15,0.26424,-0.26424,0.444
3,0,45,0.21968,-0.21968,0.70483
3,0,45,1.21386,1.21386,0.60365
3,0,15,0.0163892,-0.0163892,0.50873
3,0,30,1.26982,1.26982,0.57147
3,0,45,0.42564,0.42564,0.56537
3,0,45,0.91842,0.91842,0.50573
3,0,45,1.42862,-1.42862,0.52326
3,0,30,1.58116,1.58116,0.54596
3,0,15,0.47186,0.47186,0.56398
3,0,15,0.6364,0.6364,0.53886
3,0,30,0.51206,-0.51206,0.57829
3,0,15,2.178,2.178,0.56214
3,0,30,1.09916,1.09916,1.0663
3,0,30,1.58604,1.58604,1.7261
3,0,30,0.22478,-0.22478,1.0713
3,0,15,0.045146,0.045146,0.56111
3,0,45,0.5601,-0.5601,1.1535
3,0,15,0.090758,0.090758,0.66061
3,0,30,0.23338,0.23338,0.92741
3,0,15,0.96144,-0.96144,0.52526
3,0,30,1.18992,-1.18992,0.54274
3,0,45,1.28048,-1.28048,0.56581
3,0,45,0.102068,0.102068,0.80426
3,1,45,0.0105258,-0.0105258,0.58815
3,1,45,0.52252,0.52252,0.99346
3,1,30,0.2891,0.2891,0.48115
3,1,30,1.74342,1.74342,0.60535
3,1,15,0.48176,-0.48176,0.47288
3,1,15,0.47012,-0.47012,0.51402
3,1,15,0.55812,-0.55812,0.59619
3,1,45,0.52802,-0.52802,0.50789
3,1,15,0.60442,0.60442,0.52866
3,1,15,0.130746,0.130746,0.51185
3,1,45,0.10642,0.10642,0.94197
3,1,30,0.152208,0.152208,0.51655
3,1,45,1.7585,-1.7585,0.78699
3,1,30,1.0407,1.0407,0.74512
3,1,45,1.15816,-1.15816,0.7985
3,1,15,1.35206,-1.35206,0.68725
3,1,30,0.124886,0.124886,1.0121
3,1,45,0.37684,0.37684,1.2065
3,1,45,0.50864,-0.50864,0.86312
3,1,30,0.86778,0.86778,0.69828
3,1,30,1.02484,-1.02484,0.69609
3,1,15,0.42832,0.42832,0.55516
3,1,30,1.07638,1.07638,0.64082
3,1,15,1.10928,-1.10928,0.74873
3,0,15,0.25694,0.25694,0.83999
3,0,45,1.06522,-1.06522,0.58125
3,0,30,0.492,-0.492,0.53861
3,0,30,0.45842,-0.45842,0.69877
3,0,45,0.41406,-0.41406,0.83154
3,0,45,1.26736,-1.26736,0.57333
3,0,30,0.00033824,-0.00033824,0.55152
3,0,45,1.3717,-1.3717,0.8023
3,0,30,0.0118156,-0.0118156,0.99169
3,0,30,0.087128,-0.087128,0.70856
3,0,30,1.17762,1.17762,0.75962
3,0,15,0.64838,-0.64838,0.57939
3,0,30,0.092924,-0.092924,1.1442
3,0,15,0.078218,0.078218,0.63295
3,0,15,0.0162118,-0.0162118,0.62545
3,0,15,0.31684,0.31684,0.8339
3,0,15,0.41924,0.41924,1.2057
3,0,15,0.48124,0.48124,0.6227
3,0,45,2.0922,-2.0922,0.82734
3,0,45,0.4662,-0.4662,1.7996
3,0,15,0.20256,-0.20256,0.64791
3,0,45,0.42882,0.42882,0.79318
3,0,30,0.39344,-0.39344,1.2442
3,0,45,1.0701,1.0701,0.7666
3,0,30,0.32398,-0.32398,0.69502
3,0,15,1.20408,1.20408,0.57156
3,0,15,0.30524,0.30524,0.56003
3,0,30,0.126658,-0.126658,1.103
3,0,15,0.5912,-0.5912,0.67947
3,0,15,0.55754,0.55754,0.59033
3,0,30,1.487,1.487,1.0963
3,0,45,1.66496,1.66496,0.84844
3,0,45,0.80428,0.80428,0.77769
3,0,30,0.7231,0.7231,0.61914
3,0,45,0.4663,-0.4663,0.57883
3,0,30,0.22338,-0.22338,0.5116
3,0,45,0.32282,0.32282,1.1773
3,0,30,0.097118,0.097118,0.75421
3,0,15,0.145556,0.145556,0.57793
3,0,15,0.25278,0.25278,0.66337
3,0,45,1.17316,1.17316,1.6319
3,0,45,1.98006,-1.98006,2.0936
3,0,15,0.68494,-0.68494,0.54795
3,0,30,0.2931,-0.2931,0.72489
3,0,15,0.68858,0.68858,0.67298
3,0,45,0.066512,-0.066512,0.54276
3,0,30,0.90082,0.90082,0.72887
3,0,45,0.72468,0.72468,0.58267
3,0,30,0.054554,-0.054554,0.81636
3,0,45,1.08324,1.08324,0.61183
3,0,15,0.30326,-0.30326,0.75704
3,0,15,0.38156,0.38156,0.55506
3,0,30,1.05102,-1.05102,0.8662
3,0,15,0.093746,-0.093746,0.5359
3,0,30,0.030052,-0.030052,0.53749
3,0,30,0.8052,0.8052,1.1688
3,0,45,1.64262,-1.64262,0.58906
3,0,15,0.45422,-0.45422,0.54531
3,0,45,1.05288,-1.05288,0.65227
3,0,30,0.48872,0.48872,0.51367
3,0,45,2.631,-2.631,1.0287
3,0,15,0.92178,-0.92178,0.58958
3,0,30,0.130344,-0.130344,0.58606
3,0,45,1.11292,-1.11292,0.88777
3,0,15,0.33408,0.33408,0.54441
3,0,15,0.137276,0.137276,0.50709
3,0,45,1.00804,1.00804,0.78181
3,0,45,1.3511,1.3511,0.64549
3,0,30,0.33712,-0.33712,0.57421
3,0,15,0.122528,-0.122528,0.51387
3,0,30,0.41782,-0.41782,0.57817
3,0,45,1.63832,1.63832,0.55422
3,1,30,1.75632,-1.75632,0.64282
3,1,15,0.070052,0.070052,0.47325
3,1,45,2.0022,-2.0022,0.48244
3,1,45,0.34722,0.34722,0.495
3,1,45,1.16684,-1.16684,0.84067
3,1,45,2.6516,2.6516,0.61122
3,1,30,0.4909,-0.4909,0.42934
3,1,15,0.8595,0.8595,0.50987
3,1,30,0.24314,-0.24314,0.62252
3,1,45,1.69356,-1.69356,0.68339
3,1,45,0.086924,-0.086924,0.51128
3,1,45,2.8178,-2.8178,0.6606
3,1,30,0.32668,-0.32668,0.4472
3,1,15,0.02726,0.02726,0.50464
3,1,30,1.5993,-1.5993,0.65834
3,1,15,0.3087,0.3087,0.42215
3,1,15,0.055706,-0.055706,0.50506
3,1,30,1.25322,1.25322,0.4412
3,1,15,1.01226,1.01226,0.49731
3,1,45,2.777,-2.777,0.85941
3,1,30,0.16596,0.16596,0.75023
3,1,15,0.20724,-0.20724,0.53707
3,1,15,0.53258,0.53258,0.5046
3,1,30,1.38358,1.38358,0.53857
3,0,15,1.04092,-1.04092,0.57203
3,0,15,0.31642,0.31642,0.77591
3,0,30,0.60124,-0.60124,0.50234
3,0,30,1.51314,1.51314,0.50614
3,0,45,2.8872,2.8872,0.80853
3,0,30,0.505,0.505,0.53585
3,0,15,0.90924,0.90924,0.54657
3,0,30,0.3326,-0.3326,0.66568
3,0,15,0.73254,0.73254,0.5081
3,0,30,0.053568,0.053568,0.50082
3,0,45,1.06038,-1.06038,0.61809
3,0,30,0.79244,0.79244,0.74451
3,0,30,0.5314,0.5314,0.64508
3,0,45,0.034778,-0.034778,0.94373
3,0,15,0.48782,0.48782,0.55615
3,0,45,0.039302,0.039302,0.76877
3,0,45,2.1382,2.1382,0.65776
3,0,45,1.23874,1.23874,0.56503
3,0,15,1.53092,-1.53092,0.44736
3,0,30,1.28102,1.28102,0.5372
3,0,15,0.132612,-0.132612,0.45649
3,0,45,0.47908,0.47908,0.51648
3,0,15,0.106044,-0.106044,0.51095
3,0,45,0.90242,-0.90242,0.58543
4,1,45,2.4648,-2.4648,1.0496
4,1,45,1.31604,-1.31604,0.71271
4,1,45,0.91438,0.91438,0.55382
4,1,30,0.91604,0.91604,0.66999
4,1,45,1.03512,1.03512,0.58134
4,1,30,0.50248,0.50248,0.7927
4,1,15,0.199916,0.199916,0.74443
4,1,15,0.110136,-0.110136,0.56966
4,1,45,1.77298,1.77298,0.73169
4,1,30,0.59578,-0.59578,0.62514
4,1,15,0.58106,0.58106,0.60945
4,1,15,0.3348,-0.3348,0.57589
4,1,30,0.184216,0.184216,0.85306
4,1,45,1.3692,1.3692,0.61014
4,1,15,0.38902,0.38902,0.65054
4,1,30,0.86268,0.86268,0.66543
4,1,15,0.121814,0.121814,0.72119
4,1,30,0.31398,0.31398,0.88948
4,1,30,0.50868,0.50868,0.58594
4,1,45,1.35098,1.35098,0.72933
4,1,15,0.30342,0.30342,0.6713
4,1,30,0.6044,-0.6044,0.72514
4,1,15,0.170568,-0.170568,0.55147
4,1,45,0.4056,0.4056,0.89519
4,1,15,0.123956,0.123956,0.53821
4,1,45,2.1716,2.1716,0.69012
4,1,30,0.110644,0.110644,0.66444
4,1,30,0.55954,0.55954,1.2493
4,1,15,0.50196,0.50196,0.49637
4,1,30,0.69436,0.69436,0.55172
4,1,30,0.082494,-0.082494,0.53653
4,1,45,0.80566,-0.80566,0.78925
4,1,45,0.048136,-0.048136,0.62059
4,1,15,0.159318,-0.159318,0.58671
4,1,30,0.91586,0.91586,0.86255
4,1,15,0.159034,-0.159034,0.62872
4,1,30,0.6004,0.6004,0.63857
4,1,45,1.11364,1.11364,0.97272
4,1,45,0.36878,0.36878,1.2427
4,1,45,1.36118,1.36118,0.63004
4,1,45,0.45968,-0.45968,0.67384
4,1,45,0.66612,-0.66612,0.64065
4,1,30,0.053776,0.053776,0.74377
4,1,15,0.54388,0.54388,0.92197
4,1,15,0.29584,0.29584,0.54462
4,1,15,0.34852,-0.34852,0.62309
4,1,15,0.118362,0.118362,0.51929
4,1,30,0.8323,0.8323,0.79377
4,1,30,0.65916,0.65916,0.82183
4,1,45,2.1578,2.1578,0.62978
4,1,45,0.84042,-0.84042,0.50776
4,1,45,0.83576,-0.83576,0.62678
4,1,45,0.35534,0.35534,0.67692
4,1,15,0.33122,0.33122,0.5214
4,1,15,0.094656,0.094656,0.63918
4,1,45,1.68548,-1.68548,0.64229
4,1,30,1.72584,1.72584,0.93262
4,1,45,1.77852,-1.77852,0.66933
4,1,30,0.5796,0.5796,0.62997
4,1,15,0.081892,-0.081892,0.63188
4,1,30,0.27416,0.27416,0.55436
4,1,30,1.31992,1.31992,0.65887
4,1,30,0.66644,0.66644,0.58694
4,1,45,0.4844,0.4844,0.69898
4,1,15,0.57568,-0.57568,0.57815
4,1,15,0.022778,-0.022778,0.60829
4,1,30,0.92576,-0.92576,0.7056
4,1,15,0.22734,0.22734,0.63247
4,1,30,0.03169,-0.03169,0.60779
4,1,15,0.24658,-0.24658,0.59966
4,1,45,1.00158,-1.00158,0.74132
4,1,15,0.127774,0.127774,0.71057
4,0,30,0.64068,-0.64068,0.67083
4,0,15,0.56972,-0.56972,0.54127
4,0,45,0.51498,-0.51498,0.73708
4,0,15,0.002534,0.002534,0.78802
4,0,15,0.051524,0.051524,0.86627
4,0,45,1.51742,-1.51742,0.98965
4,0,15,0.43718,0.43718,0.72619
4,0,15,0.41818,-0.41818,0.77663
4,0,30,0.79602,-0.79602,1.2617
4,0,30,0.66474,0.66474,0.79719
4,0,15,0.35548,0.35548,0.89559
4,0,15,0.36352,0.36352,2.0644
4,0,45,0.26954,-0.26954,2.4762
4,0,45,0.845,-0.845,1.2494
4,0,30,1.492,-1.492,1.0704
4,0,45,1.25218,1.25218,0.64486
4,0,15,0.27344,0.27344,0.63759
4,0,45,1.18838,-1.18838,0.75273
4,0,30,0.49096,-0.49096,1.6685
4,1,30,1.62344,1.62344,0.76494
4,1,45,0.037564,0.037564,0.6122
4,1,30,1.13096,-1.13096,0.54929
4,1,30,0.72628,-0.72628,0.62432
4,1,15,0.28072,0.28072,0.56983
4,1,30,0.49546,-0.49546,0.5427
4,1,30,2.0956,2.0956,0.48264
4,1,15,0.138198,0.138198,0.80078
4,1,45,0.135218,-0.135218,0.85436
4,1,15,0.21472,-0.21472,0.57518
4,1,15,0.2497,0.2497,0.54722
4,1,45,0.111522,0.111522,0.59959
4,1,45,0.62272,-0.62272,0.64935
4,1,45,1.58378,-1.58378,0.78881
4,1,15,0.73494,-0.73494,0.62456
4,1,15,0.148792,0.148792,0.6306
4,1,15,0.27098,-0.27098,0.6086
4,1,45,1.64244,-1.64244,0.85046
4,1,30,0.45764,-0.45764,0.57864
4,1,30,0.29702,0.29702,0.63312
4,1,30,0.83776,0.83776,0.58726
4,1,45,0.172046,-0.172046,0.58904
4,1,15,0.40134,-0.40134,0.73154
4,1,45,0.4254,0.4254,0.63083
4,0,15,0.45438,-0.45438,0.69147
4,0,45,0.054528,-0.054528,1.0643
4,0,45,2.9312,2.9312,0.94767
4,0,30,0.50474,-0.50474,0.91087
4,0,15,0.159558,0.159558,0.75361
4,0,15,0.0167754,-0.0167754,0.6766
4,0,30,0.83648,0.83648,1.0904
4,0,45,0.58594,-0.58594,1.2702
4,0,45,0.26964,-0.26964,1.6541
4,0,15,0.42306,0.42306,1.1692
4,0,15,0.170224,0.170224,2.0436
4,0,30,0.4889,0.4889,1.0272
4,0,30,0.52768,-0.52768,1.8375
4,0,30,0.31868,0.31868,0.95477
4,0,30,0.67288,-0.67288,0.87931
4,0,45,1.0494,-1.0494,1.2319
4,0,45,0.47606,0.47606,1.3725
4,0,15,0.31344,-0.31344,0.91009
4,0,30,0.03884,-0.03884,1.4423
4,0,15,0.39482,0.39482,0.95639
4,0,30,0.80654,0.80654,1.9323
4,0,45,0.66858,-0.66858,1.0152
4,1,30,0.60996,-0.60996,0.52743
4,1,30,1.4695,1.4695,0.57677
4,1,15,0.45782,0.45782,0.52825
4,1,45,1.66538,1.66538,0.73131
4,1,15,0.6047,-0.6047,0.72978
4,1,30,0.74484,-0.74484,0.4555
4,1,45,0.062352,0.062352,0.70566
4,1,45,0.025156,0.025156,0.86556
4,1,30,0.23624,-0.23624,0.54245
4,1,30,0.45876,-0.45876,0.54271
4,1,45,0.4732,-0.4732,0.61841
4,1,30,0.158278,-0.158278,0.65255
4,1,45,1.19512,-1.19512,0.72571
4,1,45,0.168258,0.168258,0.60429
4,1,15,1.5788,1.5788,0.60253
4,1,15,0.25308,0.25308,0.56995
4,1,30,2.6686,-2.6686,0.59663
4,1,15,0.28106,-0.28106,0.66085
4,1,15,0.12124,-0.12124,0.52587
4,1,15,0.072218,0.072218,0.67892
4,1,45,0.009672,0.009672,0.80626
4,1,15,0.84908,0.84908,0.59688
4,1,45,0.103498,-0.103498,0.64334
4,1,30,0.50478,0.50478,0.72206
4,1,15,0.60946,-0.60946,0.60641
4,1,45,0.60848,-0.60848,0.73265
4,1,30,0.89176,-0.89176,0.47644
4,1,45,2.2576,2.2576,0.85743
4,1,45,0.055444,0.055444,0.5987
4,1,15,0.70756,0.70756,0.61792
4,1,15,0.34428,0.34428,0.59826
4,1,15,0.89922,-0.89922,0.59384
4,1,15,0.32384,0.32384,0.79465
4,1,30,0.2113,0.2113,0.80706
4,1,45,0.8663,0.8663,0.81516
4,1,30,0.34262,-0.34262,0.639
4,1,30,1.18346,-1.18346,0.59353
4,1,15,0.51172,-0.51172,0.64005
4,1,30,1.4508,1.4508,0.77235
4,1,45,0.63944,0.63944,0.46848
4,1,30,1.46238,1.46238,0.80358
4,1,30,2.5024,-2.5024,0.84539
4,1,45,0.48462,0.48462,0.66136
4,1,15,1.40572,-1.40572,0.71177
4,1,45,0.95522,-0.95522,0.90895
4,1,15,0.78544,0.78544,0.72669
4,1,30,0.71788,0.71788,1.4404
4,1,45,0.64686,-0.64686,1.0049
4,1,30,1.08608,-1.08608,0.50662
4,1,30,0.26972,-0.26972,0.54039
4,1,45,0.74294,-0.74294,0.4434
4,1,30,1.51082,-1.51082,0.76011
4,1,30,0.23026,-0.23026,0.4882
4,1,15,0.129826,-0.129826,0.61166
4,1,30,1.04678,1.04678,0.60749
4,1,15,0.2602,0.2602,0.59081
4,1,15,0.0105574,-0.0105574,0.83255
4,1,15,0.34888,-0.34888,0.65953
4,1,45,0.5455,0.5455,0.75419
4,1,45,3.0086,-3.0086,0.42629
4,1,45,1.29232,1.29232,0.42478
4,1,45,0.92474,0.92474,0.51755
4,1,45,0.38072,-0.38072,0.61918
4,1,15,0.24444,0.24444,0.44318
4,1,45,2.13,-2.13,0.75533
4,1,30,0.044142,0.044142,0.52509
4,1,15,0.150776,0.150776,0.63124
4,1,30,0.184496,-0.184496,0.6987
4,1,15,0.57496,-0.57496,0.60947
4,1,45,0.1351,0.1351,0.52157
4,1,15,0.61034,0.61034,0.97575
4,1,30,1.06556,-1.06556,0.5651
4,0,15,0.052284,0.052284,0.55432
4,0,15,0.73824,-0.73824,0.70444
4,0,30,0.39996,0.39996,1.3275
4,0,45,2.4472,2.4472,1.9938
4,0,45,0.5964,0.5964,0.84235
4,0,45,1.36588,-1.36588,0.74844
4,0,45,0.23628,-0.23628,0.78651
4,0,15,0.42234,0.42234,0.79791
4,0,30,0.198734,-0.198734,1.7731
4,0,15,0.38218,-0.38218,0.59851
4,0,30,0.8104,0.8104,0.75236
4,0,30,0.188378,0.188378,0.92406
4,0,45,3.0732,-3.0732,0.83779
4,0,30,1.90164,1.90164,1.8295
4,0,30,0.33338,-0.33338,0.67799
4,0,45,1.22182,-1.22182,2.2089
4,0,15,0.056058,0.056058,1.1399
4,0,45,0.2902,-0.2902,0.75759
4,0,45,0.32408,-0.32408,0.79944
4,0,15,0.22044,0.22044,0.87269
4,0,15,0.20904,-0.20904,0.86121
4,0,30,0.55516,0.55516,0.93182
4,0,15,1.66546,1.66546,0.79808
4,0,30,1.15364,-1.15364,1.2654
4,1,45,2.3044,2.3044,0.41152
4,1,30,0.93672,0.93672,0.57138
4,1,30,1.9512,-1.9512,0.4782
4,1,15,0.0099948,-0.0099948,0.55096
4,1,15,0.186582,-0.186582,0.54948
4,1,30,0.27702,0.27702,0.5182
4,1,30,0.39618,-0.39618,0.56249
4,1,30,0.49204,-0.49204,0.41343
4,1,15,0.30338,-0.30338,0.62262
4,1,45,0.48646,0.48646,0.86486
4,1,15,0.47166,-0.47166,0.71688
4,1,30,0.29802,-0.29802,0.95287
4,1,15,0.23506,0.23506,0.48164
4,1,45,0.96802,0.96802,0.57028
4,1,15,0.075466,0.075466,0.42123
4,1,45,0.098008,0.098008,0.40737
4,1,45,1.41134,-1.41134,0.53279
4,1,45,0.63942,0.63942,0.6749
4,1,45,0.74398,-0.74398,0.50531
4,1,30,2.8216,2.8216,0.4432
4,1,15,1.0042,1.0042,0.58638
4,1,45,0.091972,-0.091972,0.62592
4,1,30,0.664,0.664,0.68855
4,1,15,0.72298,0.72298,0.53618
4,0,45,1.86554,1.86554,0.57165
4,0,45,1.6189,1.6189,0.77757
4,0,45,0.81776,0.81776,1.8155
4,0,30,1.44566,1.44566,0.61935
4,0,30,0.178074,0.178074,1.9754
4,0,30,0.156268,-0.156268,2.1701
4,0,15,0.08841,-0.08841,1.7126
4,0,15,0.136196,0.136196,1.7669
4,0,45,1.80702,1.80702,1.2833
4,0,15,0.42884,0.42884,1.0501
4,0,15,0.113786,-0.113786,0.95059
4,0,45,0.27162,0.27162,1.5704
4,0,45,1.07864,-1.07864,1.3622
4,0,15,0.087888,0.087888,0.76071
4,0,15,0.71424,-0.71424,2.1911
4,0,30,0.73456,-0.73456,2.2694
4,0,15,0.31522,-0.31522,0.84802
4,0,15,0.28484,-0.28484,1.2052
4,0,30,0.32038,0.32038,0.8199
4,0,30,0.128882,0.128882,0.65122
4,0,45,2.9148,-2.9148,0.80199
4,0,30,0.7514,0.7514,0.59031
4,0,15,0.040216,0.040216,0.65516
4,0,30,0.695,0.695,0.73229
4,0,45,2.5854,2.5854,1.0654
4,0,15,0.068364,-0.068364,0.90653
4,0,45,0.174168,-0.174168,1.0087
4,0,30,1.97684,1.97684,0.81508
4,0,30,0.0133152,-0.0133152,0.95757
4,0,45,0.63724,-0.63724,1.6385
4,0,30,0.080702,-0.080702,0.79021
4,0,15,0.42398,-0.42398,0.84023
4,0,30,0.28272,-0.28272,0.82439
4,0,30,0.084386,0.084386,1.0799
4,0,45,1.94368,-1.94368,1.2167
4,0,45,1.40374,1.40374,1.0515
4,0,45,0.93886,-0.93886,1.1785
4,0,15,0.5138,0.5138,0.96213
4,0,45,2.3348,2.3348,1.3133
4,0,15,0.109674,-0.109674,0.8272
4,0,15,0.3613,0.3613,0.78545
4,0,15,0.64886,0.64886,1.3402
4,0,30,1.02724,-1.02724,0.90041
4,0,15,0.2719,0.2719,0.8808
4,0,45,0.49944,0.49944,1.2627
4,0,45,0.53288,-0.53288,0.58709
4,0,30,0.63694,-0.63694,1.0605
4,0,15,0.28852,-0.28852,0.73085
4,0,45,0.88624,-0.88624,1.4789
4,0,30,0.156082,0.156082,1.4275
4,0,45,0.66482,0.66482,1.0803
4,0,30,0.29172,0.29172,1.2426
4,0,30,0.107058,-0.107058,0.89529
4,0,45,0.89788,0.89788,1.829
4,0,30,1.25628,1.25628,0.58105
4,0,45,0.85942,-0.85942,0.66155
4,0,15,0.52304,-0.52304,0.88194
4,0,45,1.19742,-1.19742,2.1063
4,0,30,0.50924,0.50924,1.3769
4,0,15,0.0137266,-0.0137266,0.94174
4,0,15,0.95174,0.95174,0.73139
4,0,15,0.8034,-0.8034,0.69017
4,0,45,0.79194,0.79194,0.93927
4,0,15,0.4399,-0.4399,0.76227
4,0,30,0.61624,-0.61624,0.78745
4,0,15,0.178346,0.178346,0.89765
4,0,30,0.3607,0.3607,0.77552
4,1,15,0.078832,-0.078832,0.50387
4,1,30,0.32308,-0.32308,0.4947
4,1,45,0.150808,-0.150808,0.46592
4,1,15,0.58842,-0.58842,0.61236
4,1,45,0.61784,0.61784,0.79754
4,1,15,0.25474,0.25474,0.58832
4,1,30,0.152694,-0.152694,0.64781
4,1,30,0.94068,0.94068,0.59616
4,1,30,0.192164,0.192164,0.5458
4,1,45,0.93718,-0.93718,0.67123
4,1,30,0.67076,-0.67076,0.56997
4,1,45,0.65632,0.65632,0.5144
4,1,45,0.065298,-0.065298,0.77261
4,1,30,0.156858,-0.156858,0.80492
4,1,15,0.091452,0.091452,0.53875
4,1,45,0.79494,-0.79494,0.56145
4,1,15,0.31434,-0.31434,0.53799
4,1,30,0.35428,-0.35428,0.77496
4,1,45,2.1778,2.1778,0.53163
4,1,45,1.58416,1.58416,0.75781
4,1,15,0.57408,-0.57408,0.59622
4,1,30,0.5577,-0.5577,0.72486
4,1,15,0.51744,0.51744,0.58178
4,1,15,0.043648,-0.043648,0.58732
4,0,15,0.092978,0.092978,0.63579
4,0,30,0.75788,0.75788,0.98903
4,0,45,0.0134286,0.0134286,0.94448
4,0,15,0.31524,-0.31524,0.66055
4,0,15,0.177424,-0.177424,2.1455
4,0,45,0.47204,-0.47204,1.0273
4,0,45,1.57626,-1.57626,1.0847
4,0,45,0.82976,0.82976,0.98159
4,0,15,0.37826,0.37826,0.95633
4,0,30,0.5465,-0.5465,0.73846
4,0,30,0.43296,0.43296,0.71286
4,0,15,0.47836,-0.47836,0.60172
4,0,45,0.81136,0.81136,1.1766
4,0,45,1.4702,1.4702,0.6585
4,0,45,0.082484,-0.082484,0.72101
4,0,30,0.0594,-0.0594,0.67415
4,0,45,0.40434,0.40434,0.72121
4,0,15,0.76802,0.76802,0.74393
4,0,15,0.66694,0.66694,0.71375
4,0,30,1.1704,1.1704,1.0608
4,0,30,0.07052,0.07052,0.69214
4,0,30,0.5095,0.5095,1.0971
4,0,45,1.55684,1.55684,0.85868
4,0,30,0.68284,0.68284,0.75133
4,0,45,0.71686,-0.71686,0.79484
4,0,45,0.2208,0.2208,0.83811
4,0,15,0.0190242,0.0190242,0.85962
4,0,30,0.46132,0.46132,1.269
4,0,45,1.80414,-1.80414,1.0405
4,0,30,0.055082,0.055082,0.83081
4,0,15,0.20452,0.20452,0.77664
4,0,15,0.35822,-0.35822,1.2934
4,0,15,0.064904,-0.064904,1.1201
4,0,45,0.36572,0.36572,1.2523
4,0,30,0.11908,0.11908,2.0369
4,0,15,0.22352,-0.22352,1.2398
4,0,15,0.089594,0.089594,0.72596
4,0,15,0.43926,-0.43926,0.92572
4,0,30,0.33108,0.33108,0.83158
4,0,45,0.53484,0.53484,0.91154
4,0,30,1.36182,-1.36182,0.78202
4,0,15,0.090726,0.090726,0.68215
4,0,30,0.150506,0.150506,0.8006
4,0,30,0.60664,-0.60664,0.67915
4,0,45,0.28746,0.28746,0.87946
4,0,30,0.71978,0.71978,0.5464
4,0,45,1.07954,1.07954,0.88397
4,0,15,0.79198,-0.79198,0.66146
4,0,45,0.44982,-0.44982,0.82607
4,0,30,1.00504,-1.00504,0.75658
4,0,45,3.0844,-3.0844,0.93945
4,0,15,0.30812,-0.30812,1.1514
4,0,30,0.054616,0.054616,1.0022
4,0,15,0.62636,-0.62636,0.88786
4,0,30,0.8543,-0.8543,1.014
4,0,45,0.93662,0.93662,0.99449
4,0,45,0.189102,-0.189102,1.7944
4,0,15,0.025496,0.025496,1.0972
4,0,15,0.173736,-0.173736,0.84232
4,0,30,0.130748,0.130748,1.079
4,0,45,0.30476,-0.30476,1.1275
4,0,45,1.66752,-1.66752,1.074
4,0,30,0.96548,-0.96548,1.0203
4,0,30,0.27952,0.27952,1.3504
4,0,45,2.0166,2.0166,1.3748
4,0,15,0.00151056,-0.00151056,0.92886
4,0,30,0.5938,-0.5938,0.81616
4,0,15,0.20364,0.20364,0.78399
4,0,15,0.59156,0.59156,1.189
4,0,45,1.9129,1.9129,0.88275
4,0,45,0.098938,-0.098938,0.89324
4,0,15,0.21542,0.21542,0.71357
4,0,15,0.58638,-0.58638,0.65628
4,0,45,1.40524,-1.40524,1.1735
4,0,30,1.02894,-1.02894,0.92333
4,0,30,0.28606,-0.28606,0.8894
4,0,30,0.7195,0.7195,1.0791
4,0,30,0.8878,-0.8878,1.0144
4,0,45,2.8524,2.8524,1.0982
4,0,45,0.104698,0.104698,0.90734
4,0,15,0.074672,0.074672,0.94512
4,0,15,0.433,-0.433,0.72345
4,0,45,1.29368,1.29368,0.68897
4,0,30,1.76294,-1.76294,1.8552
4,0,45,0.0110842,-0.0110842,0.93159
4,0,45,0.31094,-0.31094,0.8982
4,0,15,0.5328,0.5328,0.67092
4,0,30,0.6483,-0.6483,1.2924
4,0,30,0.34156,-0.34156,1.3426
4,0,15,0.140922,-0.140922,0.92567
4,0,15,0.2814,0.2814,0.6414
4,0,30,0.92454,-0.92454,1.5541
4,0,15,0.31344,0.31344,1.1478
4,1,15,0.45694,0.45694,0.60183
4,1,45,0.50912,-0.50912,0.72898
4,1,30,0.072226,-0.072226,0.56764
4,1,15,0.461,-0.461,0.51546
4,1,30,0.26044,-0.26044,0.95725
4,1,45,0.48568,-0.48568,0.55631
4,1,30,0.25882,-0.25882,0.45849
4,1,15,0.8476,-0.8476,0.51157
4,1,45,1.2019,1.2019,0.59208
4,1,30,1.00596,1.00596,0.56956
4,1,30,0.17312,-0.17312,0.5379
4,1,45,2.874,-2.874,0.57428
4,1,30,0.85088,0.85088,0.5241
4,1,15,0.23118,-0.23118,0.66114
4,1,45,0.13566,0.13566,0.66952
4,1,45,2.3876,2.3876,0.79804
4,1,45,2.1004,-2.1004,0.43577
4,1,15,0.17068,-0.17068,0.48725
4,1,15,0.7233,0.7233,0.59247
4,1,15,0.43754,0.43754,0.55111
4,1,30,2.8924,-2.8924,0.79762
4,1,30,1.1125,-1.1125,0.65033
4,1,45,0.79484,-0.79484,0.66983
4,1,15,0.2474,0.2474,0.55321
5,1,15,0.055206,0.055206,0.6037
5,1,30,0.8039,-0.8039,0.52352
5,1,30,0.5085,0.5085,0.50387
5,1,45,0.39552,-0.39552,0.69179
5,1,45,1.8787,1.8787,0.57018
5,1,30,0.070898,0.070898,0.47085
5,1,30,0.44198,0.44198,0.62713
5,1,15,0.44608,0.44608,0.50226
5,1,45,3.1396,-3.1396,0.51897
5,1,15,0.20532,-0.20532,0.58272
5,1,45,0.52488,-0.52488,0.55257
5,1,45,1.44372,-1.44372,0.56171
5,1,15,0.39786,-0.39786,0.47851
5,1,15,0.26098,0.26098,0.58223
5,1,45,0.36476,-0.36476,0.5437
5,1,30,0.48232,0.48232,0.50813
5,1,30,0.5253,0.5253,0.43099
5,1,30,1.15032,1.15032,0.46141
5,1,30,1.23402,-1.23402,0.50744
5,1,15,0.47758,-0.47758,0.50995
5,1,45,2.8568,-2.8568,0.60162
5,1,15,0.068712,-0.068712,0.53599
5,1,45,0.97766,0.97766,0.64831
5,1,15,0.4035,-0.4035,0.5425
5,0,15,0.40124,-0.40124,0.50507
5,0,30,1.27094,-1.27094,0.48875
5,0,15,0.36428,-0.36428,1.0379
5,0,15,0.18005,0.18005,0.76461
5,0,30,0.05873,-0.05873,0.66241
5,0,30,1.66666,-1.66666,0.69399
5,0,45,0.78588,0.78588,0.78339
5,0,45,0.0089798,-0.0089798,0.57744
5,0,30,0.94214,-0.94214,0.55504
5,0,45,0.5566,-0.5566,0.80373
5,0,15,0.045222,-0.045222,0.55741
5,0,45,0.61626,0.61626,0.72948
5,0,15,0.4919,0.4919,0.5093
5,0,45,0.2441,0.2441,0.62916
5,0,45,0.167196,-0.167196,0.64354
5,0,45,0.93728,0.93728,0.5663
5,0,30,1.94794,-1.94794,0.6641
5,0,45,0.74128,0.74128,0.95518
5,0,15,0.68114,-0.68114,0.71995
5,0,30,1.00852,-1.00852,0.60416
5,0,15,0.036896,-0.036896,0.50423
5,0,30,1.84064,-1.84064,0.82967
5,0,15,0.49326,-0.49326,0.95681
5,0,30,1.07646,1.07646,0.68954
5,0,45,0.80426,0.80426,0.45965
5,0,30,1.30978,1.30978,0.4603
5,0,45,0.71052,0.71052,0.44726
5,0,30,0.31604,0.31604,0.52614
5,0,30,1.4921,1.4921,0.60126
5,0,15,0.53254,-0.53254,0.56992
5,0,45,2.8584,-2.8584,0.42418
5,0,30,0.07513,-0.07513,0.64821
5,0,30,0.20484,0.20484,0.60569
5,0,45,0.75096,-0.75096,0.58692
5,0,45,0.37048,-0.37048,0.51268
5,0,30,0.113174,0.113174,0.51582
5,0,30,1.35684,1.35684,0.55693
5,0,15,0.029514,-0.029514,0.69167
5,0,15,0.10356,-0.10356,0.54183
5,0,15,0.0118386,-0.0118386,0.61924
5,0,15,0.0173384,0.0173384,0.49882
5,0,15,0.055994,-0.055994,0.69684
5,0,15,0.146306,0.146306,1.0952
5,0,45,0.83344,-0.83344,0.83879
5,0,15,0.62918,0.62918,0.65747
5,0,45,1.2235,1.2235,0.86757
5,0,30,0.20764,-0.20764,0.69508
5,0,45,0.461,0.461,0.59282
5,1,45,0.9964,0.9964,0.48202
5,1,15,1.41402,-1.41402,0.492
5,1,30,0.7712,0.7712,0.88786
5,1,15,0.016446,0.016446,0.581
5,1,45,0.48696,-0.48696,0.46879
5,1,45,0.130004,-0.130004,0.47252
5,1,30,0.38134,0.38134,0.54061
5,1,45,2.2036,-2.2036,0.36988
5,1,45,0.126826,0.126826,0.54064
5,1,30,0.89658,0.89658,0.50764
5,1,15,0.188096,0.188096,0.4725
5,1,45,1.23458,-1.23458,0.45309
5,1,45,2.0354,2.0354,0.44778
5,1,15,0.59086,0.59086,0.35764
5,1,45,0.8198,0.8198,0.51231
5,1,15,0.131414,-0.131414,0.35992
5,1,30,0.76556,0.76556,0.41025
5,1,30,1.67548,1.67548,0.3561
5,1,30,0.057118,-0.057118,0.47513
5,1,15,0.31068,0.31068,0.35683
5,1,30,0.31172,0.31172,0.39461
5,1,15,1.06896,-1.06896,0.36976
5,1,30,0.159758,-0.159758,0.46621
5,1,15,0.58124,0.58124,0.38336
5,1,45,0.55726,0.55726,0.42158
5,1,45,1.89356,-1.89356,0.98833
5,1,15,0.3286,-0.3286,0.51448
5,1,15,0.69586,-0.69586,0.45227
5,1,30,0.97382,-0.97382,0.59765
5,1,15,0.50154,-0.50154,0.3258
5,1,15,0.43404,-0.43404,0.45989
5,1,45,0.10081,0.10081,0.44414
5,1,45,0.65606,0.65606,0.39349
5,1,15,3.0138,-3.0138,0.34406
5,1,45,0.34056,0.34056,0.4846
5,1,30,1.62924,-1.62924,0.31527
5,1,30,0.86058,0.86058,0.45314
5,1,45,2.4976,-2.4976,0.40959
5,1,30,0.153886,0.153886,0.44042
5,1,15,0.174276,-0.174276,0.48955
5,1,30,0.23004,0.23004,0.40934
5,1,30,0.37366,-0.37366,0.45451
5,1,45,0.885,0.885,0.43966
5,1,30,1.08336,-1.08336,0.4625
5,1,15,0.00180032,-0.00180032,0.3603
5,1,30,0.83796,-0.83796,0.38071
5,1,15,2.4452,-2.4452,0.42142
5,1,45,0.25236,-0.25236,0.49731
5,1,30,0.86322,0.86322,0.4551
5,1,30,2.5858,-2.5858,0.38679
5,1,15,0.33834,0.33834,0.36273
5,1,45,0.90056,-0.90056,0.53678
5,1,30,0.093636,0.093636,0.41202
5,1,15,0.872,-0.872,0.57403
5,1,45,2.7454,-2.7454,0.66289
5,1,45,2.3246,-2.3246,0.41367
5,1,15,0.171974,-0.171974,0.50751
5,1,15,0.55366,0.55366,0.51293
5,1,30,0.52458,-0.52458,0.57868
5,1,15,0.8961,-0.8961,0.51832
5,1,45,1.32454,-1.32454,0.47191
5,1,45,1.4082,1.4082,0.38934
5,1,15,0.83542,-0.83542,0.50023
5,1,45,0.28214,-0.28214,0.45169
5,1,30,0.89222,-0.89222,0.35328
5,1,30,0.39444,0.39444,0.6026
5,1,45,1.90942,-1.90942,0.50417
5,1,15,0.64676,-0.64676,0.44281
5,1,30,0.97446,-0.97446,0.433
5,1,45,0.65554,-0.65554,0.39827
5,1,15,0.2034,0.2034,0.54033
5,1,30,0.63188,-0.63188,0.41417
5,0,15,0.30302,0.30302,0.35788
5,0,15,1.02906,1.02906,0.41173
5,0,15,0.116184,0.116184,0.40223
5,0,45,2.6314,2.6314,0.45034
5,0,45,2.418,2.418,0.57983
5,0,15,0.187658,0.187658,0.50505
5,0,30,1.0795,1.0795,0.53984
5,0,30,0.96356,-0.96356,0.58081
5,0,15,0.162902,-0.162902,0.48765
5,0,15,0.031094,-0.031094,0.4862
5,0,15,0.00109042,-0.00109042,0.46962
5,0,30,0.0047172,-0.0047172,0.53448
5,0,45,1.90186,-1.90186,0.5422
5,0,45,0.51454,-0.51454,0.74308
5,0,30,1.27776,-1.27776,0.60753
5,0,45,1.83126,-1.83126,0.4813
5,0,30,0.555,-0.555,0.47917
5,0,45,0.2619,0.2619,0.55459
5,0,45,1.04468,1.04468,0.5183
5,0,30,0.91214,0.91214,0.64942
5,0,30,0.31272,0.31272,0.53357
5,0,30,0.00022552,-0.00022552,0.53545
5,0,45,1.00002,-1.00002,0.47395
5,0,15,0.382,0.382,0.43908
5,1,45,0.75874,0.75874,0.39314
5,1,30,1.36274,1.36274,0.39115
5,1,15,1.46684,1.46684,0.33948
5,1,30,2.5728,-2.5728,0.42732
5,1,45,1.65386,-1.65386,0.4894
5,1,30,0.35114,-0.35114,0.45856
5,1,30,0.43488,-0.43488,0.4722
5,1,15,0.23938,0.23938,0.42047
5,1,15,1.32676,-1.32676,0.49628
5,1,15,0.42546,-0.42546,0.39717
5,1,15,0.06094,0.06094,0.57425
5,1,45,0.3563,-0.3563,0.46238
5,1,30,0.91958,0.91958,0.42159
5,1,30,0.51502,0.51502,0.44833
5,1,45,0.40266,0.40266,0.57211
5,1,15,0.74592,0.74592,0.45435
5,1,30,0.47862,0.47862,0.42182
5,1,15,0.43024,0.43024,0.47389
5,1,30,0.78474,-0.78474,0.43404
5,1,45,0.19797,0.19797,0.4535
5,1,45,2.334,2.334,0.45561
5,1,45,1.67492,1.67492,0.41708
5,1,45,0.5082,0.5082,0.50865
5,1,15,0.015054,-0.015054,0.40772
5,1,15,0.48814,0.48814,0.3946
5,1,45,1.41392,-1.41392,0.45114
5,1,45,1.99276,-1.99276,0.31157
5,1,15,0.132138,-0.132138,0.40208
5,1,15,0.52256,-0.52256,0.4161
5,1,15,9.72e-05,-9.72e-05,0.51603
5,1,45,0.65244,-0.65244,0.45321
5,1,45,2.624,-2.624,0.38729
5,1,15,1.51784,-1.51784,0.34938
5,1,30,0.57598,-0.57598,0.43291
5,1,30,1.7981,-1.7981,0.45535
5,1,45,2.0416,-2.0416,0.3759
5,1,30,0.21344,0.21344,0.45611
5,1,45,0.45506,0.45506,0.41081
5,1,15,2.6624,2.6624,0.34159
5,1,30,1.35464,1.35464,0.45712
5,1,15,0.20818,0.20818,0.44024
5,1,30,0.77796,0.77796,0.51372
5,1,45,1.80746,1.80746,0.44518
5,1,30,0.3821,0.3821,0.51226
5,1,30,0.19645,0.19645,0.47251
5,1,30,1.6202,-1.6202,0.51891
5,1,45,0.0165642,0.0165642,0.45634
5,1,15,0.89178,-0.89178,0.35883
5,0,45,3.1366,3.1366,0.3545
5,0,45,3.0268,-3.0268,0.47192
5,0,45,0.2835,0.2835,0.48701
5,0,30,0.103982,-0.103982,0.50682
5,0,15,0.045992,0.045992,0.45917
5,0,30,0.97826,-0.97826,0.42508
5,0,15,2.2848,-2.2848,0.43191
5,0,15,0.21402,0.21402,0.4207
5,0,30,0.16206,0.16206,0.43939
5,0,45,0.03893,-0.03893,0.56669
5,0,15,0.73472,0.73472,0.46006
5,0,15,0.118142,0.118142,0.42513
5,0,15,0.86476,0.86476,0.50169
5,0,30,1.60092,-1.60092,0.53484
5,0,45,0.019291,0.019291,0.55858
5,0,30,0.16147,0.16147,0.41234
5,0,30,0.33762,-0.33762,0.47376
5,0,15,0.76622,0.76622,0.50629
5,0,30,1.37906,1.37906,0.50453
5,0,45,2.21,2.21,0.44056
5,0,45,0.92144,0.92144,0.52069
5,0,15,0.65032,-0.65032,0.44288
5,0,30,0.56272,0.56272,0.47241
5,0,45,2.054,2.054,0.47388
5,0,45,1.35354,1.35354,0.40464
5,0,45,0.7495,-0.7495,0.41388
5,0,45,3.1158,3.1158,0.45995
5,0,30,0.84956,0.84956,0.57807
5,0,15,0.191144,0.191144,0.42294
5,0,45,2.8342,-2.8342,0.55408
5,0,45,0.11879,-0.11879,0.52933
5,0,30,0.39906,-0.39906,0.47995
5,0,15,0.31458,0.31458,0.46932
5,0,15,0.33408,0.33408,0.48293
5,0,15,0.62348,-0.62348,0.4493
5,0,30,1.078,-1.078,0.44217
5,0,45,1.05238,-1.05238,0.54653
5,0,45,3.0436,-3.0436,0.59007
5,0,15,0.134778,0.134778,0.51278
5,0,15,0.47298,0.47298,0.54601
5,0,15,0.61854,0.61854,0.51513
5,0,30,1.23492,1.23492,0.48627
5,0,30,0.37026,0.37026,0.54012
5,0,30,0.46946,-0.46946,0.58125
5,0,45,0.4954,-0.4954,0.42428
5,0,30,1.1716,1.1716,0.39593
5,0,15,0.47464,0.47464,0.50166
5,0,30,1.04072,1.04072,0.44433
5,1,30,0.50688,-0.50688,0.29554
5,1,45,3.0458,-3.0458,0.5831
5,1,30,0.69564,0.69564,0.37035
5,1,30,0.069126,-0.069126,0.37959
5,1,30,0.7099,-0.7099,0.47972
5,1,30,0.30922,-0.30922,0.34716
5,1,15,1.10418,1.10418,0.3897
5,1,45,0.195654,-0.195654,0.33118
5,1,45,2.1756,2.1756,0.42132
5,1,15,0.74838,0.74838,0.36881
5,1,45,1.19468,1.19468,0.49167
5,1,15,1.8933,-1.8933,0.3244
5,1,15,0.64462,-0.64462,0.41118
5,1,45,0.29684,-0.29684,0.40236
5,1,45,0.67656,0.67656,0.43235
5,1,15,0.66848,-0.66848,0.34919
5,1,15,0.152838,-0.152838,0.40244
5,1,15,0.033786,-0.033786,0.4453
5,1,30,3.0818,3.0818,0.37673
5,1,45,2.925,2.925,0.4382
5,1,45,1.69086,1.69086,0.51642
5,1,30,0.52556,0.52556,0.44046
5,1,15,1.48412,-1.48412,0.38663
5,1,30,0.67998,0.67998,0.60941
5,0,45,0.32588,0.32588,0.44021
5,0,30,0.197356,0.197356,0.42193
5,0,15,0.047136,-0.047136,0.38322
5,0,45,0.83572,-0.83572,0.47367
5,0,30,2.4948,-2.4948,0.40917
5,0,15,0.36758,-0.36758,0.41243
5,0,30,0.87098,-0.87098,0.44045
5,0,45,2.9414,2.9414,0.38461
5,0,30,0.170226,0.170226,0.45815
5,0,30,1.44908,1.44908,0.56908
5,0,15,0.49738,0.49738,0.49123
5,0,30,1.37676,-1.37676,1.0057
5,0,45,2.6104,-2.6104,0.50649
5,0,30,1.25026,1.25026,0.437
5,0,45,0.33318,0.33318,0.66274
5,0,15,1.56792,-1.56792,0.51557
5,0,30,1.05036,1.05036,0.51535
5,0,15,0.147846,-0.147846,0.45219
5,0,45,1.12478,1.12478,0.55298
5,0,15,0.70828,0.70828,0.49246
5,0,45,2.2176,2.2176,0.45123
5,0,45,2.2644,2.2644,0.55012
5,0,15,0.111458,-0.111458,0.55154
5,0,15,0.32858,0.32858,0.50465
5,1,45,1.5299,-1.5299,0.37525
5,1,30,0.52254,-0.52254,0.4196
5,1,15,0.00180942,-0.00180942,0.34154
5,1,45,0.89454,-0.89454,0.49017
5,1,15,0.22936,-0.22936,0.4197
5,1,30,0.77056,0.77056,0.41815
5,1,30,2.2114,2.2114,0.38045
5,1,45,0.26674,-0.26674,0.47111
5,1,15,0.66382,0.66382,0.38624
5,1,15,0.68658,-0.68658,0.46373
5,1,45,0.74486,-0.74486,0.45986
5,1,15,0.26792,-0.26792,0.42744
5,1,45,0.21622,0.21622,0.36086
5,1,15,0.0102676,0.0102676,0.44321
5,1,45,0.91656,0.91656,0.44407
5,1,15,0.12698,-0.12698,0.54016
5,1,30,0.84594,0.84594,0.40637
5,1,45,1.27794,1.27794,0.51015
5,1,15,0.072522,0.072522,0.40392
5,1,45,0.64366,-0.64366,0.40708
5,1,30,0.6873,-0.6873,0.48956
5,1,30,1.46828,-1.46828,0.42136
5,1,30,0.68598,0.68598,0.41549
5,1,30,0.6986,-0.6986,0.44499
5,0,30,0.36898,-0.36898,0.53323
5,0,15,0.81694,0.81694,0.47129
5,0,15,0.4229,0.4229,0.84409
5,0,45,0.58168,0.58168,0.55014
5,0,15,0.03067,-0.03067,0.50329
5,0,45,2.7332,2.7332,0.63205
5,0,30,0.26356,-0.26356,0.53956
5,0,45,0.3989,-0.3989,0.57832
5,0,45,0.7881,0.7881,0.5352
5,0,45,1.24038,1.24038,0.53831
5,0,45,1.15406,-1.15406,0.47542
5,0,15,0.6699,0.6699,0.38666
5,0,30,0.82596,0.82596,0.46639
5,0,15,0.095282,0.095282,0.46551
5,0,45,0.170448,0.170448,0.53156
5,0,30,1.02614,-1.02614,0.43313
5,0,15,0.32538,0.32538,0.44827
5,0,45,1.89898,-1.89898,0.56508
5,0,15,0.182246,-0.182246,0.55055
5,0,30,0.97662,0.97662,0.56133
5,0,30,0.03863,0.03863,0.55148
5,0,30,0.161654,0.161654,0.45664
5,0,15,0.34952,0.34952,0.45221
5,0,30,1.29366,-1.29366,0.50689
5,1,45,0.3375,0.3375,0.40796
5,1,30,0.143458,0.143458,0.48565
5,1,30,0.45268,-0.45268,0.4399
5,1,15,0.2244,0.2244,0.48603
5,1,15,0.45034,0.45034,0.48699
5,1,15,0.08546,0.08546,0.4203
5,1,30,0.09149,0.09149,0.5142
5,1,30,0.47762,-0.47762,0.41725
5,1,15,0.054768,0.054768,0.47702
5,1,30,0.22374,-0.22374,0.43589
5,1,30,1.94284,-1.94284,0.53635
5,1,45,1.05406,1.05406,0.47412
5,1,45,0.40574,0.40574,0.53226
5,1,45,0.8553,-0.8553,0.54012
5,1,30,0.29908,0.29908,0.47651
5,1,15,0.184194,-0.184194,0.51135
5,1,45,0.31242,0.31242,0.44315
5,1,15,0.60208,-0.60208,0.44867
5,1,30,0.3885,0.3885,0.52871
5,1,45,1.1719,-1.1719,0.54792
5,1,15,0.21864,-0.21864,0.44943
5,1,45,1.66684,1.66684,0.52586
5,1,15,0.0058954,0.0058954,0.47026
5,1,45,0.33998,-0.33998,0.51827
5,0,15,0.3277,0.3277,0.48329
5,0,30,3.0472,-3.0472,0.31878
5,0,45,0.43116,-0.43116,0.57902
5,0,45,1.92512,1.92512,0.55241
5,0,15,0.63736,0.63736,0.42281
5,0,45,2.207,-2.207,0.46662
5,0,30,0.6706,-0.6706,0.46612
5,0,45,0.67676,-0.67676,0.41691
5,0,15,0.60882,0.60882,0.41062
5,0,15,1.00962,1.00962,0.4565
5,0,15,0.64708,-0.64708,0.42665
5,0,15,0.87148,-0.87148,0.44183
5,0,45,0.22162,0.22162,0.4373
5,0,30,0.173654,0.173654,0.35174
5,0,30,1.3382,1.3382,0.54186
5,0,45,1.37384,1.37384,0.61168
5,0,45,0.36968,0.36968,0.39552
5,0,30,1.29486,1.29486,0.57759
5,0,30,1.33664,1.33664,0.48338
5,0,45,1.51624,-1.51624,0.40184
5,0,30,0.88958,-0.88958,0.41333
5,0,15,0.71354,-0.71354,0.65774
5,0,15,0.85874,0.85874,0.421
5,0,30,2.1422,2.1422,0.44909
5,1,45,0.5269,0.5269,0.44157
5,1,45,1.3426,-1.3426,0.4771
5,1,30,1.45242,1.45242,0.49582
5,1,15,0.21804,-0.21804,0.51127
5,1,15,0.115118,0.115118,0.47417
5,1,15,0.2675,0.2675,0.52549
5,1,45,0.70682,-0.70682,0.51216
5,1,30,2.0258,2.0258,0.56408
5,1,15,0.89418,-0.89418,0.46765
5,1,45,0.89192,0.89192,0.63527
5,1,15,0.81684,-0.81684,0.49145
5,1,15,0.35738,0.35738,0.39895
5,1,45,0.48288,0.48288,0.53069
5,1,45,0.90086,-0.90086,0.46951
5,1,30,0.48574,0.48574,0.53302
5,1,30,0.6452,0.6452,0.46281
5,1,15,0.54932,-0.54932,0.43391
5,1,45,0.09592,-0.09592,0.44112
5,1,30,1.41146,-1.41146,0.46122
5,1,15,0.80888,0.80888,0.52634
5,1,30,0.5948,0.5948,0.92757
5,1,30,0.2574,-0.2574,0.47126
5,1,30,0.16837,-0.16837,0.4871
5,1,45,0.135732,-0.135732,0.53652
5,0,15,0.87332,0.87332,0.37918
5,0,45,1.24254,-1.24254,0.49822
5,0,15,0.22854,0.22854,0.48437
5,0,15,1.39608,-1.39608,0.50544
5,0,45,1.52418,-1.52418,0.70298
5,0,30,0.66786,0.66786,0.56875
5,0,45,0.57266,0.57266,0.48722
5,0,45,0.50118,-0.50118,0.54639
5,0,30,0.81242,0.81242,0.44773
5,0,45,0.27954,0.27954,0.60162
5,0,30,0.051072,-0.051072,0.50349
5,0,15,0.68122,0.68122,0.52853
5,0,45,0.58404,-0.58404,0.52061
5,0,30,0.29216,0.29216,0.50876
5,0,30,0.46622,-0.46622,0.44425
5,0,15,0.39474,-0.39474,0.5057
5,0,30,0.74972,-0.74972,0.4695
5,0,45,1.36366,1.36366,0.5193
5,0,30,2.3738,2.3738,0.5391
5,0,30,0.059762,-0.059762,0.75724
5,0,15,0.148278,0.148278,0.62807
5,0,15,0.184988,0.184988,0.5098
5,0,45,1.43162,1.43162,0.56001
5,0,15,0.159342,0.159342,0.74906
5,0,45,0.194258,-0.194258,0.54293
5,0,30,0.74908,-0.74908,0.4953
5,0,15,0.919,-0.919,0.79386
5,0,15,0.74558,0.74558,0.48267
5,0,15,0.097946,0.097946,0.49771
5,0,30,1.08196,-1.08196,0.51587
5,0,45,0.88452,-0.88452,0.50486
5,0,15,0.52118,0.52118,0.49945
5,0,45,2.6082,-2.6082,0.61702
5,0,15,0.097652,0.097652,0.57741
5,0,30,0.66326,0.66326,0.53526
5,0,30,0.58058,0.58058,0.54732
5,0,15,0.29084,-0.29084,0.5262
5,0,45,0.97322,0.97322,0.6566
5,0,30,2.3914,2.3914,0.46776
5,0,15,0.50944,-0.50944,0.5655
5,0,30,0.20856,0.20856,0.52352
5,0,45,2.5578,2.5578,0.80577
5,0,15,0.094522,-0.094522,0.62493
5,0,45,2.2034,2.2034,0.71302
5,0,45,2.3918,-2.3918,0.56083
5,0,30,0.165556,0.165556,0.56535
5,0,30,0.64916,0.64916,0.52074
5,0,45,0.94388,0.94388,0.60619
6,0,45,0.31464,0.31464,1.3838
6,0,30,0.112872,-0.112872,1.0335
6,0,45,0.59878,-0.59878,1.1353
6,0,30,0.080446,-0.080446,0.9793
6,0,30,0.31202,-0.31202,1.5963
6,0,45,1.15762,1.15762,1.636
6,0,15,0.137778,0.137778,0.72897
6,0,45,2.3302,2.3302,2.4761
6,0,45,0.76606,0.76606,1.1207
6,0,30,0.9182,-0.9182,0.87022
6,0,45,0.5923,0.5923,0.73631
6,0,30,0.06761,-0.06761,0.62977
6,0,30,0.5303,0.5303,0.88358
6,0,15,0.105462,-0.105462,0.602
6,0,30,0.24848,-0.24848,0.69439
6,0,15,0.25698,0.25698,0.78655
6,0,15,0.4305,0.4305,0.69493
6,0,45,1.39128,1.39128,1.0587
6,0,15,0.38586,-0.38586,0.68911
6,0,45,0.25952,-0.25952,1.1825
6,0,15,0.45782,0.45782,0.69186
6,0,30,1.92452,-1.92452,0.99405
6,0,15,0.13217,0.13217,0.66108
6,0,15,0.045898,0.045898,0.87489
6,1,15,0.030524,0.030524,0.59645
6,1,15,0.2528,-0.2528,0.56548
6,1,15,0.064772,0.064772,0.5376
6,1,45,1.1894,-1.1894,0.66939
6,1,15,0.4297,-0.4297,0.61646
6,1,30,0.57272,0.57272,0.60905
6,1,30,2.3826,2.3826,0.65539
6,1,15,0.145982,0.145982,0.52538
6,1,15,0.3192,0.3192,0.59232
6,1,45,1.7158,-1.7158,0.55412
6,1,30,1.27232,1.27232,0.81856
6,1,30,0.123882,-0.123882,0.49299
6,1,45,0.106586,0.106586,0.54905
6,1,30,0.56296,0.56296,0.55621
6,1,45,0.52268,-0.52268,0.65933
6,1,15,0.93064,-0.93064,0.52484
6,1,30,0.58934,0.58934,0.73619
6,1,45,0.198404,0.198404,0.51837
6,1,45,0.58514,0.58514,0.6617
6,1,45,0.043122,-0.043122,0.55586
6,1,15,0.2083,-0.2083,0.52717
6,1,45,1.3748,-1.3748,0.56883
6,1,30,0.89022,0.89022,0.61421
6,1,30,0.28094,0.28094,0.58863
6,1,15,0.38218,-0.38218,0.4999
6,1,15,0.36096,-0.36096,0.92714
6,1,45,0.81008,-0.81008,0.62973
6,1,15,0.69288,-0.69288,0.53346
6,1,15,0.125874,0.125874,0.49504
6,1,30,0.37464,-0.37464,0.63224
6,1,30,0.070454,0.070454,0.6602
6,1,15,0.041836,0.041836,0.60741
6,1,45,0.44928,-0.44928,0.60141
6,1,45,0.60486,-0.60486,0.51734
6,1,30,0.57284,-0.57284,0.6972
6,1,15,0.163402,-0.163402,0.52848
6,1,30,0.08446,-0.08446,0.5207
6,1,30,0.20636,0.20636,0.50476
6,1,30,0.39602,-0.39602,0.52357
6,1,45,0.62698,-0.62698,1.0247
6,1,45,0.81438,-0.81438,0.54208
6,1,30,0.48838,0.48838,0.54151
6,1,45,2.024,-2.024,0.59466
6,1,45,0.92392,0.92392,0.5855
6,1,30,0.33304,-0.33304,0.65765
6,1,15,0.026314,-0.026314,0.56081
6,1,45,1.30178,1.30178,0.57424
6,1,15,0.58252,-0.58252,0.68987
6,1,30,0.054268,-0.054268,0.59812
6,1,30,0.30158,-0.30158,0.6905
6,1,15,0.38756,0.38756,0.52335
6,1,45,0.81252,-0.81252,0.63488
6,1,15,0.27142,0.27142,0.51058
6,1,30,0.68586,0.68586,0.68516
6,1,30,0.59212,0.59212,0.64046
6,1,30,0.036176,0.036176,0.50425
6,1,45,1.01552,1.01552,0.54678
6,1,30,0.51976,-0.51976,0.55886
6,1,15,0.135198,0.135198,0.59831
6,1,45,0.49232,-0.49232,0.63941
6,1,45,0.7284,-0.7284,0.66165
6,1,15,0.177492,-0.177492,0.57433
6,1,30,0.48236,0.48236,0.66143
6,1,45,1.23188,-1.23188,0.68298
6,1,30,0.51354,-0.51354,0.65271
6,1,15,0.177182,0.177182,0.65825
6,1,15,0.042352,-0.042352,0.60902
6,1,45,0.96074,-0.96074,0.58708
6,1,15,0.21274,0.21274,0.66706
6,1,45,2.7926,-2.7926,0.94701
6,1,45,1.95406,-1.95406,0.89509
6,1,15,0.50286,-0.50286,0.54454
6,0,15,0.096118,0.096118,0.58837
6,0,15,0.1296,-0.1296,0.6262
6,0,15,0.49268,0.49268,0.6251
6,0,30,0.048872,0.048872,1.2944
6,0,45,0.83892,0.83892,0.56509
6,0,45,0.8354,0.8354,0.60158
6,0,30,0.2409,0.2409,1.1647
6,0,30,0.053426,-0.053426,0.72417
6,0,15,0.026906,0.026906,0.63019
6,0,45,0.2208,-0.2208,0.94166
6,0,30,0.29958,-0.29958,0.62208
6,0,15,0.46382,-0.46382,0.67153
6,0,45,1.36322,-1.36322,0.58697
6,0,30,0.76188,-0.76188,0.62842
6,0,30,0.34472,0.34472,0.68786
6,0,15,0.171228,-0.171228,0.57133
6,0,15,0.253,0.253,0.6191
6,0,45,0.7606,-0.7606,0.8722
6,0,30,0.43026,0.43026,0.7323
6,0,45,2.378,-2.378,0.66583
6,0,45,0.65872,0.65872,0.69088
6,0,15,0.89006,-0.89006,0.57906
6,0,45,0.6463,-0.6463,0.5775
6,0,30,0.70978,-0.70978,0.60256
6,0,45,0.95738,-0.95738,0.77003
6,0,15,0.64412,0.64412,0.60183
6,0,30,0.133956,-0.133956,0.62854
6,0,30,0.69806,-0.69806,0.51347
6,0,45,0.26962,0.26962,1.2992
6,0,45,0.80794,0.80794,0.68286
6,0,15,0.28738,0.28738,0.58606
6,0,30,0.2569,0.2569,0.85566
6,0,30,0.53356,0.53356,0.56422
6,0,15,0.39226,0.39226,0.68273
6,0,45,1.51008,-1.51008,0.57314
6,0,30,0.045278,-0.045278,0.84522
6,0,45,0.6014,-0.6014,0.53839
6,0,30,0.70998,-0.70998,0.6431
6,0,15,0.2563,0.2563,0.63487
6,0,15,0.8486,0.8486,0.57139
6,0,30,0.6293,-0.6293,0.75844
6,0,30,0.104496,-0.104496,0.68968
6,0,45,0.93188,0.93188,0.65974
6,0,45,2.6316,2.6316,0.65814
6,0,45,0.05883,0.05883,1.3802
6,0,15,0.051392,-0.051392,0.6667
6,0,15,0.141846,-0.141846,0.60777
6,0,15,0.2168,0.2168,0.52782
6,0,45,1.17738,1.17738,0.86722
6,0,15,0.55172,-0.55172,0.65233
6,0,15,0.3521,0.3521,0.54554
6,0,15,0.31768,-0.31768,0.62594
6,0,15,0.48914,0.48914,0.59874
6,0,45,1.30592,-1.30592,0.70348
6,0,30,0.4174,-0.4174,0.68394
6,0,30,0.30804,0.30804,0.7151
6,0,45,0.29848,-0.29848,0.96284
6,0,30,0.29468,-0.29468,0.54342
6,0,15,0.0051946,-0.0051946,0.61829
6,0,15,0.060366,-0.060366,0.58899
6,0,45,0.07929,-0.07929,0.54275
6,0,30,0.115784,-0.115784,0.54745
6,0,15,0.29048,-0.29048,0.47168
6,0,45,0.70048,-0.70048,0.56943
6,0,30,1.15234,-1.15234,0.79685
6,0,30,0.83338,0.83338,0.68138
6,0,45,0.37308,0.37308,0.67612
6,0,45,1.98846,-1.98846,0.6822
6,0,15,0.0020642,0.0020642,0.55292
6,0,30,0.049754,-0.049754,0.64306
6,0,45,1.26352,-1.26352,0.67592
6,0,30,0.21058,-0.21058,0.57826
6,1,45,0.20916,0.20916,0.62729
6,1,15,0.085818,-0.085818,0.58795
6,1,30,0.099542,-0.099542,0.48678
6,1,45,1.62366,1.62366,0.97578
6,1,30,0.1059,-0.1059,0.59965
6,1,45,0.73164,0.73164,0.53681
6,1,30,0.157566,-0.157566,0.58124
6,1,30,0.5999,-0.5999,0.58234
6,1,15,0.27736,-0.27736,0.67412
6,1,30,0.69618,-0.69618,0.62889
6,1,15,0.012214,0.012214,0.47468
6,1,45,0.38262,0.38262,0.64044
6,1,45,0.84024,0.84024,0.5192
6,1,15,0.15154,-0.15154,0.52712
6,1,45,0.23558,-0.23558,0.53689
6,1,15,0.2089,-0.2089,0.47324
6,1,30,0.33432,-0.33432,0.47874
6,1,30,0.2319,0.2319,0.51816
6,1,15,0.91908,-0.91908,0.47506
6,1,30,0.381,0.381,0.49176
6,1,15,0.8145,0.8145,0.54194
6,1,45,1.20146,1.20146,0.79733
6,1,45,1.29676,-1.29676,0.72078
6,1,15,0.3757,0.3757,0.58109
6,1,45,1.63912,1.63912,0.75525
6,1,45,0.95266,0.95266,0.63648
6,1,30,0.40728,-0.40728,0.71142
6,1,45,2.473,2.473,0.66102
6,1,30,0.169714,-0.169714,0.52466
6,1,15,0.3998,0.3998,0.50519
6,1,30,0.22574,-0.22574,0.553
6,1,15,0.60752,-0.60752,0.49612
6,1,30,0.3626,-0.3626,0.48256
6,1,15,0.080404,-0.080404,0.51595
6,1,45,1.2612,1.2612,0.72156
6,1,30,0.47408,-0.47408,0.53363
6,1,45,1.27512,-1.27512,0.78673
6,1,15,0.68008,0.68008,0.56726
6,1,45,1.45612,-1.45612,0.70658
6,1,30,0.71612,-0.71612,0.75727
6,1,15,0.36002,0.36002,0.54543
6,1,45,0.3235,0.3235,0.7992
6,1,15,0.0081884,-0.0081884,0.57593
6,1,30,0.90408,-0.90408,0.61919
6,1,30,0.35054,-0.35054,0.74482
6,1,45,0.11293,-0.11293,0.61942
6,1,15,0.092272,0.092272,0.50287
6,1,15,0.26028,0.26028,0.553
6,0,30,1.0038,-1.0038,1.1267
6,0,45,0.32304,0.32304,0.77346
6,0,30,0.37154,0.37154,0.78791
6,0,45,0.098758,0.098758,0.71697
6,0,15,0.297,-0.297,0.62952
6,0,45,2.4768,-2.4768,1.0219
6,0,30,0.025636,0.025636,0.72142
6,0,30,0.102992,-0.102992,0.80031
6,0,15,0.199084,-0.199084,0.5702
6,0,15,0.5392,-0.5392,0.60967
6,0,45,0.069472,0.069472,0.60276
6,0,30,0.75618,-0.75618,0.63009
6,0,15,0.4266,0.4266,0.67803
6,0,15,0.022504,-0.022504,0.68246
6,0,30,0.177858,-0.177858,0.53902
6,0,30,0.60556,0.60556,0.59408
6,0,15,0.3039,-0.3039,0.56455
6,0,45,1.41252,-1.41252,0.4716
6,0,45,0.83808,0.83808,0.74512
6,0,15,0.28948,-0.28948,0.55303
6,0,45,0.7767,0.7767,0.64562
6,0,45,0.066314,0.066314,0.60545
6,0,15,0.090002,-0.090002,0.62995
6,0,30,0.123324,0.123324,0.69206
6,0,30,0.0116304,0.0116304,0.87718
6,0,15,0.06186,-0.06186,0.51502
6,0,15,0.023956,0.023956,0.61827
6,0,30,1.5622,1.5622,0.48138
6,0,30,0.71866,0.71866,0.52995
6,0,30,0.39824,-0.39824,0.59801
6,0,45,1.2509,-1.2509,0.73748
6,0,45,0.30754,-0.30754,0.55673
6,0,15,0.21684,0.21684,0.4831
6,0,30,0.42226,0.42226,0.5839
6,0,45,0.04063,0.04063,0.62654
6,0,45,0.67826,-0.67826,0.76667
6,0,15,1.03246,1.03246,0.54504
6,0,15,0.126828,-0.126828,0.52455
6,0,45,0.43122,-0.43122,0.54935
6,0,30,0.181332,-0.181332,0.5425
6,0,45,1.4241,1.4241,0.662
6,0,45,0.86994,-0.86994,0.51005
6,0,45,1.80642,1.80642,0.6122
6,0,30,0.53944,0.53944,0.54863
6,0,15,0.53794,-0.53794,0.5392
6,0,15,0.26306,0.26306,0.53219
6,0,15,0.525,-0.525,0.61935
6,0,30,0.47654,-0.47654,0.64287
6,1,30,0.51826,0.51826,0.70559
6,1,45,0.153106,-0.153106,0.61519
6,1,15,0.35736,0.35736,0.55244
6,1,45,0.0128886,-0.0128886,0.52279
6,1,30,1.56958,1.56958,0.60626
6,1,30,0.23794,0.23794,0.50939
6,1,15,0.093028,-0.093028,0.8793
6,1,45,0.086208,-0.086208,0.6681
6,1,45,0.31058,-0.31058,0.75974
6,1,30,0.30484,-0.30484,0.5365
6,1,15,0.22242,0.22242,0.52364
6,1,45,0.105082,0.105082,0.62077
6,1,15,0.2079,0.2079,0.54302
6,1,30,1.04508,1.04508,0.49876
6,1,30,0.0578,-0.0578,0.57888
6,1,15,0.094894,-0.094894,0.50691
6,1,45,2.7814,2.7814,0.57669
6,1,45,0.7471,-0.7471,0.63884
6,1,15,0.016582,-0.016582,0.56505
6,1,45,0.103806,0.103806,0.53766
6,1,30,0.24528,-0.24528,0.64085
6,1,15,0.88958,0.88958,0.57666
6,1,15,0.2956,0.2956,0.60136
6,1,30,0.090854,0.090854,0.62444
6,0,30,0.27188,-0.27188,0.81217
6,0,45,1.33516,1.33516,0.72214
6,0,45,2.0778,2.0778,0.63922
6,0,45,2.2482,2.2482,0.93158
6,0,30,0.47926,-0.47926,0.61201
6,0,45,0.58002,-0.58002,0.58587
6,0,15,0.086844,-0.086844,0.54951
6,0,45,0.78196,0.78196,0.88667
6,0,45,0.064822,-0.064822,0.96109
6,0,15,0.4904,0.4904,0.58127
6,0,45,0.30158,-0.30158,0.60403
6,0,15,0.198352,-0.198352,0.52117
6,0,30,0.6008,-0.6008,0.58431
6,0,30,0.79862,0.79862,0.6397
6,0,15,0.27646,-0.27646,0.52018
6,0,15,0.47256,-0.47256,0.55135
6,0,30,0.021172,-0.021172,0.56645
6,0,15,0.45024,-0.45024,0.48758
6,0,30,0.88362,0.88362,0.52173
6,0,30,1.95554,1.95554,0.55019
6,0,45,0.81776,0.81776,0.52593
6,0,15,0.039688,0.039688,0.53506
6,0,15,0.33372,0.33372,0.47222
6,0,30,0.3522,-0.3522,0.5284
6,0,15,0.50458,-0.50458,0.59103
6,0,15,0.22298,0.22298,0.47444
6,0,45,0.74352,0.74352,0.51214
6,0,15,0.676,0.676,0.5041
6,0,45,0.6948,-0.6948,0.53887
6,0,30,0.093656,0.093656,0.56715
6,0,30,0.36528,-0.36528,0.53981
6,0,30,0.39868,-0.39868,0.49526
6,0,15,0.049638,0.049638,0.49366
6,0,45,0.3291,-0.3291,0.49451
6,0,45,0.46308,-0.46308,0.49364
6,0,30,0.40868,-0.40868,0.58709
6,0,15,0.41814,-0.41814,0.54457
6,0,45,0.0090164,-0.0090164,0.55537
6,0,30,0.59894,-0.59894,0.60033
6,0,30,0.52604,0.52604,0.57233
6,0,45,1.65242,-1.65242,0.74139
6,0,45,2.7052,-2.7052,0.62784
6,0,45,1.17684,-1.17684,0.94159
6,0,15,0.032944,0.032944,0.57046
6,0,15,0.3468,-0.3468,0.55748
6,0,30,0.132612,-0.132612,0.55693
6,0,15,0.098182,0.098182,0.5904
6,0,30,0.31924,0.31924,0.61152
6,0,45,0.0151442,0.0151442,0.86621
6,0,15,0.070562,0.070562,0.54135
6,0,45,1.36618,-1.36618,0.59675
6,0,30,0.92456,-0.92456,0.55027
6,0,45,0.3295,-0.3295,1.3656
6,0,45,0.07502,0.07502,0.70762
6,0,15,0.47844,0.47844,0.65224
6,0,30,0.124362,-0.124362,0.64959
6,0,30,0.031584,0.031584,0.69506
6,0,45,0.22392,0.22392,0.52545
6,0,15,0.76638,0.76638,0.59668
6,0,15,0.38494,-0.38494,0.50483
6,0,45,0.49276,0.49276,0.41317
6,0,30,0.03486,-0.03486,0.54464
6,0,45,0.99048,-0.99048,0.77778
6,0,30,0.49724,0.49724,0.98654
6,0,15,0.08161,0.08161,0.58767
6,0,15,0.49004,0.49004,0.53938
6,0,15,0.061364,-0.061364,0.54241
6,0,15,1.23908,1.23908,0.59309
6,0,30,1.091,1.091,0.53715
6,0,30,0.28268,-0.28268,0.7093
6,0,30,0.80696,-0.80696,0.53809
6,0,45,0.8823,-0.8823,0.49185
6,0,15,0.42426,0.42426,0.57726
6,0,30,0.23286,-0.23286,0.50545
6,0,15,0.27512,0.27512,0.69353
6,0,30,0.80638,0.80638,0.58401
6,0,15,0.2582,0.2582,0.54445
6,0,30,0.56468,0.56468,0.72925
6,0,45,0.42442,0.42442,0.60365
6,0,15,0.025396,0.025396,0.56985
6,0,30,0.85824,-0.85824,0.5986
6,0,45,1.17236,1.17236,0.59041
6,0,15,0.3311,-0.3311,0.62684
6,0,45,0.41138,-0.41138,0.63223
6,0,15,0.4694,0.4694,0.57707
6,0,45,0.25022,0.25022,0.54682
6,0,30,0.27612,-0.27612,0.61244
6,0,30,0.021936,-0.021936,0.62877
6,0,15,0.034978,0.034978,0.5529
6,0,15,0.124674,0.124674,0.57038
6,0,45,3.1276,-3.1276,0.75924
6,0,30,0.3844,-0.3844,0.62984
6,0,45,0.133112,0.133112,0.67312
6,0,45,0.7676,-0.7676,1.0618
6,0,30,0.9285,0.9285,0.88255
6,0,45,0.57166,0.57166,0.69101
6,1,30,0.3499,-0.3499,0.60325
6,1,15,0.33454,-0.33454,0.53667
6,1,30,0.15457,0.15457,0.61877
6,1,30,0.49476,0.49476,0.55528
6,1,30,0.27336,0.27336,0.66366
6,1,15,0.160288,-0.160288,0.57208
6,1,30,0.30078,0.30078,0.59851
6,1,30,0.124688,0.124688,0.54203
6,1,30,0.44324,0.44324,0.56551
6,1,15,0.065804,0.065804,0.50799
6,1,15,0.29618,0.29618,0.52382
6,1,30,0.142654,-0.142654,0.57556
6,1,15,0.65816,0.65816,0.60963
6,1,15,0.025926,0.025926,0.65137
6,1,45,1.16028,-1.16028,0.83493
6,1,45,1.38256,1.38256,0.8743
6,1,45,0.89058,0.89058,0.6381
6,1,45,0.07306,0.07306,0.6476
6,1,45,0.74878,0.74878,0.6853
6,1,45,0.27708,-0.27708,1.1931
6,1,45,1.35188,-1.35188,0.49647
6,1,15,0.63152,0.63152,0.5864
6,1,45,1.39098,-1.39098,0.79574
6,1,15,0.175648,-0.175648,0.58689
6,1,15,0.2152,0.2152,0.58291
6,1,15,0.42348,-0.42348,0.54805
6,1,30,0.75426,0.75426,0.63811
6,1,30,0.27584,0.27584,0.61464
6,1,45,2.236,-2.236,0.8027
6,1,15,0.79068,0.79068,0.65592
6,1,30,0.010071,0.010071,0.6786
6,1,45,1.32854,-1.32854,0.96045
6,1,30,0.2384,-0.2384,0.56086
6,1,30,1.0438,1.0438,0.55189
6,1,15,0.073132,-0.073132,0.65878
6,1,15,0.35116,-0.35116,0.6581
6,1,45,1.62004,-1.62004,0.56407
6,1,15,0.72156,0.72156,0.53636
6,1,30,0.2855,0.2855,0.7399
6,1,15,0.042408,0.042408,0.74223
6,1,15,0.63966,-0.63966,0.57265
6,1,45,2.259,-2.259,1.2871
6,1,30,0.30608,0.30608,0.63514
6,1,45,0.57248,0.57248,0.79602
6,1,45,0.5265,-0.5265,0.82044
6,1,30,0.56752,0.56752,0.72288
6,1,45,0.77592,0.77592,0.69036
6,1,45,0.78484,0.78484,0.82372
6,1,30,0.31198,0.31198,0.7498
6,1,45,0.107624,0.107624,0.88858
6,1,30,0.21446,-0.21446,0.76601
6,1,45,0.2454,-0.2454,0.70758
6,1,30,0.159926,-0.159926,0.64876
6,1,30,0.23008,-0.23008,0.64718
6,1,30,0.04065,-0.04065,0.92624
6,1,45,0.41208,-0.41208,0.78703
6,1,45,0.153432,0.153432,0.75648
6,1,45,2.5856,2.5856,0.69096
6,1,15,0.30038,-0.30038,0.54037
6,1,30,0.049046,-0.049046,0.57313
6,1,15,0.51224,-0.51224,0.56262
6,1,45,0.105954,0.105954,0.8794
6,1,15,0.097034,0.097034,0.53841
6,1,15,0.094372,-0.094372,0.51569
6,1,15,0.16391,0.16391,0.68111
6,1,15,0.37198,0.37198,0.62598
6,1,15,0.31278,0.31278,0.56841
6,1,15,0.11182,0.11182,0.61551
6,1,30,0.44338,-0.44338,0.66856
6,1,45,0.62652,-0.62652,0.71038
6,1,45,1.1524,-1.1524,0.60682
6,1,30,0.64404,0.64404,1.2372
6,1,30,0.115974,0.115974,0.70521
6,1,30,0.65808,0.65808,0.6553
6,1,15,0.093106,0.093106,0.58344
6,1,45,0.94034,0.94034,0.7152
6,1,45,1.19938,1.19938,0.67803
6,1,15,0.33802,0.33802,0.53842
6,1,45,0.64586,-0.64586,0.512
6,1,45,1.37018,-1.37018,0.59611
6,1,15,0.36554,0.36554,0.51988
6,1,45,1.16902,-1.16902,0.70511
6,1,30,0.038734,-0.038734,0.52142
6,1,30,0.98482,-0.98482,0.64122
6,1,30,0.60442,-0.60442,0.5731
6,1,45,0.096646,0.096646,0.63507
6,1,15,0.6051,-0.6051,0.57696
6,1,15,0.0147658,0.0147658,0.63243
6,1,30,0.54724,-0.54724,0.6355
6,1,30,0.07743,0.07743,0.61967
6,1,45,0.59756,-0.59756,0.62877
6,1,45,1.7061,1.7061,0.53726
6,1,15,0.088044,0.088044,0.52266
6,1,30,0.22248,0.22248,0.73945
6,1,15,0.044354,-0.044354,0.57317
6,1,15,0.08661,0.08661,0.57708
7,0,45,1.1753,1.1753,0.51947
7,0,45,1.69208,1.69208,0.40368
7,0,30,1.3573,1.3573,0.41817
7,0,45,0.91022,-0.91022,0.41066
7,0,30,0.8189,0.8189,0.43604
7,0,15,0.75156,-0.75156,0.35142
7,0,45,2.416,-2.416,0.89626
7,0,15,1.78364,-1.78364,0.4042
7,0,30,1.33354,-1.33354,0.41693
7,0,45,2.1816,-2.1816,0.41934
7,0,30,0.22656,-0.22656,0.51945
7,0,15,0.88432,-0.88432,0.40272
7,0,30,1.0888,1.0888,0.40736
7,0,15,0.66268,-0.66268,0.43085
7,0,15,0.45396,-0.45396,0.48628
7,0,30,0.6649,-0.6649,0.40908
7,0,45,1.26602,1.26602,0.44657
7,0,15,0.37172,0.37172,0.48024
7,0,15,0.32832,0.32832,0.47036
7,0,45,0.877,-0.877,0.47091
7,0,15,0.7445,-0.7445,0.42498
7,0,30,0.7556,-0.7556,0.46424
7,0,45,2.2814,2.2814,0.5742
7,0,30,0.61876,-0.61876,0.49801
7,1,15,0.40906,0.40906,0.6371
7,1,30,1.85122,1.85122,0.522
7,1,45,0.68378,-0.68378,0.55614
7,1,30,0.69958,0.69958,0.5372
7,1,15,0.145744,0.145744,0.48292
7,1,30,2.1832,2.1832,0.42086
7,1,30,1.44404,1.44404,0.55033
7,1,45,0.33454,0.33454,0.444
7,1,15,0.108462,-0.108462,0.48721
7,1,30,0.130454,-0.130454,0.51053
7,1,45,0.44776,0.44776,0.49037
7,1,15,1.13766,1.13766,0.4708
7,1,45,0.133976,0.133976,0.64295
7,1,45,0.75002,-0.75002,0.47408
7,1,15,0.59344,0.59344,0.56513
7,1,45,0.62648,-0.62648,0.64531
7,1,15,0.08023,0.08023,0.4107
7,1,30,2.8178,-2.8178,0.56549
7,1,30,0.2216,0.2216,0.53201
7,1,15,0.69992,0.69992,0.50937
7,1,45,0.144872,0.144872,0.50477
7,1,15,0.045662,0.045662,0.50561
7,1,45,1.5109,-1.5109,0.57396
7,1,30,1.02716,1.02716,0.50732
7,0,45,0.3561,-0.3561,0.59652
7,0,30,0.57624,0.57624,0.40965
7,0,45,3.126,-3.126,0.53019
7,0,45,2.1684,2.1684,0.46244
7,0,30,0.65258,-0.65258,0.55886
7,0,45,0.55454,-0.55454,0.57866
7,0,15,0.119744,-0.119744,0.60207
7,0,30,1.14344,1.14344,0.4976
7,0,15,0.21756,-0.21756,0.51406
7,0,15,0.37992,0.37992,0.51284
7,0,15,0.53746,0.53746,0.62884
7,0,30,1.1498,-1.1498,0.55626
7,0,45,0.58994,0.58994,0.6874
7,0,45,1.60456,-1.60456,0.47066
7,0,15,1.2861,-1.2861,0.46726
7,0,15,0.053368,0.053368,0.54617
7,0,30,0.45176,-0.45176,0.5489
7,0,30,0.052558,0.052558,0.6603
7,0,15,0.39856,-0.39856,0.6554
7,0,45,0.73614,0.73614,0.58984
7,0,45,0.04069,0.04069,0.4779
7,0,30,0.59916,0.59916,0.57829
7,0,15,0.032996,-0.032996,0.51036
7,0,30,0.3492,0.3492,0.51391
7,1,45,1.08996,1.08996,0.59842
7,1,15,0.57618,0.57618,0.51453
7,1,45,3.0234,-3.0234,0.69208
7,1,30,0.62468,-0.62468,0.5642
7,1,45,1.18168,1.18168,0.57119
7,1,15,0.023218,-0.023218,0.47301
7,1,15,0.50028,-0.50028,0.4292
7,1,45,0.116972,-0.116972,0.48379
7,1,30,0.257,0.257,0.4976
7,1,30,0.78182,-0.78182,0.44694
7,1,30,0.66228,-0.66228,0.50247
7,1,15,0.64058,0.64058,0.57198
7,1,15,0.61936,0.61936,0.64637
7,1,30,0.88564,-0.88564,0.46088
7,1,45,0.064764,-0.064764,0.57009
7,1,15,0.035396,-0.035396,0.54858
7,1,15,0.39656,-0.39656,0.48135
7,1,45,0.33032,0.33032,0.44575
7,1,30,0.25386,-0.25386,0.59692
7,1,30,0.186554,-0.186554,0.49024
7,1,45,0.59144,0.59144,0.40841
7,1,30,0.3488,0.3488,0.48752
7,1,15,0.61124,-0.61124,0.48161
7,1,45,2.087,2.087,0.49744
7,0,45,1.6307,-1.6307,0.47706
7,0,15,0.44426,0.44426,0.63253
7,0,15,0.26166,0.26166,0.46505
7,0,30,0.7473,0.7473,0.46411
7,0,45,0.43814,-0.43814,0.40749
7,0,30,0.79446,0.79446,0.48437
7,0,30,0.57046,0.57046,0.53107
7,0,45,0.145786,-0.145786,0.61698
7,0,45,2.6938,-2.6938,0.58072
7,0,30,0.70592,0.70592,0.54143
7,0,45,0.3662,0.3662,0.54083
7,0,45,2.55,-2.55,0.4234
7,0,30,0.52018,-0.52018,0.61374
7,0,15,0.69558,0.69558,0.5044
7,0,15,0.25114,0.25114,0.44626
7,0,30,0.77198,-0.77198,0.7253
7,0,15,0.2977,0.2977,0.52006
7,0,30,0.037712,-0.037712,0.54313
7,0,45,0.72026,-0.72026,0.62354
7,0,15,0.65992,-0.65992,0.44761
7,0,15,0.22568,-0.22568,0.49109
7,0,30,0.33722,0.33722,0.50545
7,0,15,0.054524,0.054524,0.40161
7,0,45,0.62508,0.62508,0.51934
7,0,15,0.049572,0.049572,0.56527
7,0,15,0.52362,0.52362,0.47462
7,0,30,0.4697,0.4697,0.44534
7,0,30,0.42806,-0.42806,0.52305
7,0,15,0.72424,0.72424,0.42947
7,0,30,0.79094,0.79094,0.45753
7,0,45,0.86768,-0.86768,0.51676
7,0,45,1.39712,-1.39712,0.53574
7,0,15,0.002921,-0.002921,0.56485
7,0,45,1.2313,-1.2313,0.5769
7,0,30,0.39972,-0.39972,0.48041
7,0,15,0.46966,-0.46966,0.50753
7,0,30,0.48308,0.48308,0.50503
7,0,15,0.046216,0.046216,0.47232
7,0,30,0.3549,0.3549,0.49846
7,0,30,0.3728,0.3728,0.51459
7,0,45,0.6909,0.6909,0.50857
7,0,15,0.02041,0.02041,0.56814
7,0,45,1.06186,1.06186,0.51217
7,0,30,0.168482,0.168482,0.47922
7,0,45,0.37092,-0.37092,0.56404
7,0,45,1.3735,1.3735,0.50513
7,0,45,2.0912,2.0912,0.54687
7,0,15,0.46182,0.46182,0.58335
7,1,15,0.39128,0.39128,0.53845
7,1,45,0.103258,-0.103258,0.59492
7,1,30,0.94664,-0.94664,0.5141
7,1,15,0.26096,-0.26096,0.47937
7,1,30,0.21742,-0.21742,0.55249
7,1,15,0.1997,0.1997,0.47153
7,1,45,0.2996,0.2996,0.54168
7,1,15,0.58092,-0.58092,0.45611
7,1,45,0.4772,-0.4772,0.50781
7,1,15,0.27008,0.27008,0.38521
7,1,15,0.52174,0.52174,0.46105
7,1,30,1.14086,1.14086,0.64249
7,1,45,0.98592,0.98592,0.7095
7,1,45,0.149352,-0.149352,0.55294
7,1,30,0.36384,-0.36384,0.53039
7,1,45,2.1476,2.1476,0.56685
7,1,30,0.093912,-0.093912,0.76031
7,1,45,1.21312,1.21312,0.62931
7,1,30,1.73448,1.73448,0.56141
7,1,15,0.144034,-0.144034,0.51182
7,1,30,0.3363,-0.3363,0.59825
7,1,15,0.25894,-0.25894,0.4841
7,1,45,1.3363,1.3363,0.55252
7,1,30,1.0571,1.0571,0.4912
7,0,45,0.77422,0.77422,0.61651
7,0,45,1.68294,1.68294,0.56901
7,0,15,0.57448,0.57448,0.47832
7,0,30,0.043418,0.043418,0.41493
7,0,15,0.52562,-0.52562,0.4922
7,0,30,0.161614,0.161614,0.65907
7,0,45,0.0134526,0.0134526,0.50248
7,0,45,1.82306,1.82306,0.47295
7,0,30,1.6951,1.6951,0.5333
7,0,30,0.80592,-0.80592,0.7801
7,0,30,1.48558,1.48558,0.66212
7,0,15,0.55442,0.55442,0.5861
7,0,15,0.30702,0.30702,0.48912
7,0,15,0.27324,0.27324,0.4839
7,0,30,0.83196,-0.83196,0.44323
7,0,30,1.26854,1.26854,0.42734
7,0,30,1.30288,1.30288,0.50342
7,0,45,1.69128,-1.69128,0.73385
7,0,15,1.04204,-1.04204,0.58643
7,0,45,0.43158,0.43158,0.63974
7,0,15,0.29888,-0.29888,0.55186
7,0,45,1.69178,1.69178,0.51356
7,0,15,0.6469,-0.6469,0.53585
7,0,45,0.7653,-0.7653,0.7245
7,1,15,0.2394,0.2394,0.54655
7,1,45,1.81112,1.81112,0.60538
7,1,30,0.59996,0.59996,0.47746
7,1,30,0.52388,0.52388,0.92915
7,1,45,2.0366,2.0366,0.44016
7,1,30,1.213,1.213,0.71129
7,1,15,0.9656,0.9656,0.47239
7,1,15,0.5567,0.5567,0.7361
7,1,45,0.367,0.367,1.0712
7,1,15,0.052282,0.052282,0.59729
7,1,15,0.46362,-0.46362,0.61644
7,1,30,0.6403,-0.6403,0.59623
7,1,45,1.15768,1.15768,0.53697
7,1,30,0.004342,-0.004342,0.66434
7,1,30,0.79756,0.79756,0.95788
7,1,15,0.25334,-0.25334,0.55944
7,1,45,1.4334,-1.4334,0.95016
7,1,45,0.086756,0.086756,0.94559
7,1,45,1.79394,1.79394,0.48543
7,1,30,2.8644,2.8644,0.51414
7,1,15,0.50716,0.50716,0.50358
7,1,45,0.99646,-0.99646,0.52743
7,1,15,0.28398,-0.28398,0.56854
7,1,30,0.85332,0.85332,0.57623
7,0,45,1.52718,1.52718,1.1289
7,0,15,0.36666,0.36666,0.47699
7,0,45,0.45184,-0.45184,0.54043
7,0,30,0.489,0.489,0.5975
7,0,45,0.76704,-0.76704,0.49399
7,0,30,0.3755,0.3755,0.58039
7,0,30,0.38608,-0.38608,0.47147
7,0,30,0.8054,-0.8054,0.49122
7,0,30,0.9268,-0.9268,0.44683
7,0,45,0.41892,-0.41892,0.50517
7,0,30,0.2093,-0.2093,0.55128
7,0,45,1.99182,-1.99182,0.82345
7,0,30,0.076134,-0.076134,0.57282
7,0,15,0.023254,0.023254,0.67361
7,0,15,0.29612,-0.29612,0.54871
7,0,45,0.97596,-0.97596,0.72551
7,0,15,1.0042,-1.0042,0.44552
7,0,45,1.45092,-1.45092,0.7434
7,0,15,0.40102,0.40102,0.47194
7,0,30,0.2822,-0.2822,0.50891
7,0,15,0.66086,-0.66086,0.53695
7,0,15,0.25388,0.25388,0.6
7,0,45,1.51824,1.51824,1.0234
7,0,15,0.51496,0.51496,0.5315
7,0,30,0.99392,-0.99392,0.60181
7,0,30,0.93222,0.93222,0.90959
7,0,15,0.79534,0.79534,0.61371
7,0,30,0.32158,-0.32158,0.68113
7,0,45,1.99534,1.99534,0.6939
7,0,45,0.20832,-0.20832,0.85774
7,0,30,0.77884,-0.77884,0.86675
7,0,30,0.84942,0.84942,0.80786
7,0,45,1.49402,-1.49402,0.93025
7,0,45,0.32504,0.32504,0.62738
7,0,30,0.70298,-0.70298,0.94045
7,0,45,0.97176,-0.97176,0.45304
7,0,15,0.26486,-0.26486,0.63306
7,0,15,0.35804,0.35804,0.47505
7,0,45,2.248,2.248,0.86616
7,0,45,0.109622,0.109622,0.75724
7,0,15,0.082542,0.082542,0.57277
7,0,15,0.91462,-0.91462,0.71436
7,0,15,0.181364,-0.181364,0.59846
7,0,15,0.704,0.704,0.54202
7,0,30,0.43742,-0.43742,0.51488
7,0,45,0.165942,-0.165942,0.69764
7,0,30,2.1412,2.1412,0.76831
7,0,15,0.22522,-0.22522,0.62911
7,0,45,0.44446,0.44446,0.8653
7,0,30,0.8953,0.8953,0.50407
7,0,30,1.22052,-1.22052,0.67785
7,0,15,0.71158,-0.71158,0.56226
7,0,45,0.63384,-0.63384,0.44633
7,0,30,0.65582,-0.65582,0.78874
7,0,15,0.126286,0.126286,0.51127
7,0,15,0.39386,0.39386,0.59929
7,0,30,1.2153,-1.2153,0.68982
7,0,15,1.19884,1.19884,0.51316
7,0,45,0.37662,-0.37662,0.57414
7,0,45,0.46536,0.46536,0.6597
7,0,30,0.5124,-0.5124,0.55016
7,0,15,0.47362,-0.47362,0.60263
7,0,15,0.70554,-0.70554,0.55201
7,0,30,1.02876,1.02876,0.56726
7,0,45,0.086378,-0.086378,0.83362
7,0,45,0.62402,-0.62402,0.61154
7,0,15,1.32586,1.32586,0.58934
7,0,30,0.183102,-0.183102,0.90038
7,0,45,1.96412,1.96412,0.56116
7,0,30,0.5269,-0.5269,0.58646
7,0,45,0.4498,0.4498,0.8542
7,0,15,0.81472,-0.81472,0.56981
7,1,45,0.42036,0.42036,0.76343
7,1,45,0.082612,-0.082612,0.59741
7,1,45,1.50022,1.50022,0.54389
7,1,45,1.2923,1.2923,0.6606
7,1,15,0.059718,-0.059718,0.57675
7,1,15,0.41798,0.41798,0.46019
7,1,45,0.71208,0.71208,0.70657
7,1,30,0.52724,0.52724,0.64005
7,1,30,0.94064,0.94064,0.85024
7,1,45,1.01722,1.01722,0.7655
7,1,45,0.128942,-0.128942,0.90595
7,1,15,0.142512,0.142512,0.49809
7,1,15,1.11762,-1.11762,0.61176
7,1,15,0.36412,-0.36412,0.58698
7,1,30,0.76134,0.76134,0.54703
7,1,15,0.25726,-0.25726,0.50702
7,1,30,0.259,0.259,0.43701
7,1,30,0.0098616,0.0098616,0.51932
7,1,30,0.82512,-0.82512,0.50505
7,1,30,0.3353,-0.3353,0.54485
7,1,30,0.190654,0.190654,0.51395
7,1,15,0.144938,-0.144938,0.48669
7,1,15,0.27536,0.27536,0.50519
7,1,45,1.02122,-1.02122,0.47429
7,1,30,0.27394,0.27394,0.55787
7,1,30,0.22158,-0.22158,0.57436
7,1,45,0.179724,-0.179724,0.45381
7,1,45,1.51642,1.51642,0.54799
7,1,15,0.39792,0.39792,0.53681
7,1,30,0.34226,-0.34226,0.54751
7,1,15,0.067958,-0.067958,0.50596
7,1,45,2.0466,-2.0466,0.58346
7,1,15,0.130386,0.130386,0.52983
7,1,15,1.33442,-1.33442,0.58961
7,1,45,0.27598,-0.27598,0.53595
7,1,30,0.30482,0.30482,0.50681
7,1,45,0.83784,0.83784,0.54793
7,1,30,0.60772,0.60772,0.51102
7,1,45,0.058262,-0.058262,0.67975
7,1,15,0.53616,0.53616,0.43185
7,1,30,1.31982,-1.31982,0.48197
7,1,15,0.0149296,-0.0149296,0.53877
7,1,45,0.93678,-0.93678,0.43055
7,1,30,0.30654,0.30654,0.5054
7,1,30,1.83514,-1.83514,0.43983
7,1,15,0.194628,-0.194628,0.44517
7,1,45,0.89712,-0.89712,0.45307
7,1,15,0.46866,-0.46866,0.42096
7,1,30,0.35142,-0.35142,0.56672
7,1,15,0.67168,-0.67168,0.77666
7,1,45,0.76222,-0.76222,0.84112
7,1,15,0.28064,0.28064,0.56388
7,1,30,0.42036,-0.42036,0.6113
7,1,45,0.61602,0.61602,0.50307
7,1,15,0.084146,0.084146,0.5195
7,1,45,0.6749,0.6749,0.47118
7,1,30,0.30362,0.30362,0.62106
7,1,30,0.77914,0.77914,0.69782
7,1,45,0.52338,0.52338,0.48954
7,1,15,0.193242,0.193242,0.49661
7,1,30,0.8428,-0.8428,0.53017
7,1,30,0.60594,0.60594,0.73035
7,1,15,0.066292,-0.066292,0.51009
7,1,15,0.20834,0.20834,0.50844
7,1,30,0.3456,0.3456,0.49716
7,1,45,1.7725,1.7725,0.64267
7,1,45,1.04566,1.04566,0.57854
7,1,45,0.29586,0.29586,0.60026
7,1,45,0.49016,-0.49016,0.66532
7,1,15,0.166018,0.166018,0.5231
7,1,15,0.30482,0.30482,0.50719
7,1,30,0.4358,0.4358,0.643
7,0,45,1.1637,1.1637,0.56972
7,0,30,0.46916,0.46916,0.81973
7,0,45,0.29508,0.29508,0.63118
7,0,30,0.45562,0.45562,0.68434
7,0,30,0.062788,-0.062788,0.72252
7,0,30,0.82608,0.82608,0.62783
7,0,45,0.194236,0.194236,0.48963
7,0,30,0.56862,-0.56862,0.67064
7,0,30,0.58138,0.58138,0.56183
7,0,45,0.36574,0.36574,0.81262
7,0,15,0.165636,0.165636,0.46502
7,0,15,0.76552,0.76552,0.50838
7,0,15,0.57054,-0.57054,0.50317
7,0,15,0.26592,-0.26592,0.68922
7,0,45,1.10744,1.10744,0.72087
7,0,45,2.304,-2.304,0.82795
7,0,15,0.32124,0.32124,0.57269
7,0,45,1.2672,-1.2672,0.78279
7,0,15,0.5943,0.5943,0.48663
7,0,30,1.20722,1.20722,0.72835
7,0,30,1.3831,1.3831,0.58628
7,0,45,2.91,-2.91,0.50628
7,0,15,0.136752,-0.136752,0.55947
7,0,15,0.178396,0.178396,0.49308
7,1,45,1.0953,-1.0953,0.83063
7,1,45,1.20396,1.20396,0.62732
7,1,15,0.66814,-0.66814,0.46241
7,1,45,0.2984,-0.2984,0.6036
7,1,30,0.48252,-0.48252,0.80077
7,1,30,0.36378,-0.36378,0.60381
7,1,45,1.58046,1.58046,0.59853
7,1,15,0.46712,-0.46712,0.52617
7,1,30,0.123134,0.123134,0.57509
7,1,45,0.47078,0.47078,0.66391
7,1,45,0.18161,0.18161,0.55003
7,1,15,0.89032,-0.89032,0.5961
7,1,15,0.64928,0.64928,0.64093
7,1,15,1.5998,-1.5998,0.55338
7,1,30,0.14266,0.14266,0.52544
7,1,15,0.4938,-0.4938,0.51555
7,1,15,0.36714,0.36714,0.50902
7,1,30,0.14712,-0.14712,0.58107
7,1,45,0.63222,0.63222,0.79628
7,1,45,0.52262,-0.52262,0.69807
7,1,30,1.28414,-1.28414,0.75181
7,1,15,0.3444,0.3444,0.78219
7,1,30,0.136002,0.136002,0.7287
7,1,30,0.10557,0.10557,0.80246
7,1,30,1.40434,-1.40434,0.76829
7,1,30,0.22306,0.22306,1.0758
7,1,45,0.95338,-0.95338,0.62845
7,1,30,2.199,-2.199,0.44161
7,1,30,0.86058,0.86058,0.50741
7,1,15,0.83762,0.83762,0.59775
7,1,15,0.38568,-0.38568,0.54291
7,1,15,0.03506,0.03506,0.57171
7,1,45,1.92728,-1.92728,0.86291
7,1,15,0.49808,-0.49808,0.59325
7,1,45,0.73524,-0.73524,0.5637
7,1,30,0.62218,-0.62218,0.68145
7,1,30,1.66442,1.66442,0.77548
7,1,15,0.49424,0.49424,0.5304
7,1,45,0.20928,0.20928,0.60917
7,1,30,0.9424,0.9424,0.50334
7,1,15,0.039432,-0.039432,0.58502
7,1,45,2.801,-2.801,0.71013
7,1,45,0.46104,-0.46104,0.48791
7,1,45,0.2286,0.2286,0.53373
7,1,30,0.21686,-0.21686,0.50622
7,1,15,0.36072,-0.36072,0.56795
7,1,15,0.25452,-0.25452,0.51466
7,1,45,0.89952,-0.89952,0.57689
7,1,30,0.166636,-0.166636,0.72374
7,1,15,0.30646,0.30646,0.50253
7,1,30,0.17833,-0.17833,0.49813
7,1,45,0.26924,0.26924,0.58606
7,1,30,0.3393,-0.3393,0.46462
7,1,45,1.45066,-1.45066,0.77833
7,1,15,0.185374,0.185374,0.5332
7,1,30,0.061142,0.061142,0.47187
7,1,15,0.2136,0.2136,0.4674
7,1,45,1.81026,1.81026,0.56211
7,1,30,0.33442,-0.33442,0.43124
7,1,45,2.4998,-2.4998,0.49472
7,1,30,0.59694,-0.59694,0.61693
7,1,15,0.0092624,-0.0092624,0.53021
7,1,45,0.2632,0.2632,0.58031
7,1,30,0.66568,0.66568,0.56145
7,1,15,0.54732,-0.54732,0.57338
7,1,15,0.6512,0.6512,0.51538
7,1,45,0.4506,-0.4506,0.65296
7,1,15,0.14392,0.14392,0.48372
7,1,30,0.060852,0.060852,0.74542
7,1,15,1.15692,-1.15692,0.54647
7,1,45,0.06616,-0.06616,0.67155
7,1,45,0.6886,-0.6886,0.58066
7,0,45,0.8721,-0.8721,0.79839
7,0,30,0.45984,0.45984,0.72686
7,0,45,0.2553,-0.2553,1.14
7,0,30,0.161928,0.161928,0.5583
7,0,45,0.0078484,-0.0078484,0.62419
7,0,30,0.36264,0.36264,0.57455
7,0,15,0.36446,0.36446,0.61266
7,0,45,2.5578,-2.5578,0.59619
7,0,15,0.052454,-0.052454,0.54061
7,0,45,1.15688,-1.15688,0.79081
7,0,30,0.67954,0.67954,0.57212
7,0,30,0.8934,-0.8934,0.47462
7,0,15,0.63468,0.63468,0.48603
7,0,30,0.76316,0.76316,0.66588
7,0,15,0.61744,0.61744,0.62886
7,0,45,0.77888,-0.77888,0.54739
7,0,15,0.93482,0.93482,0.42609
7,0,30,1.24402,-1.24402,0.76022
7,0,45,1.18076,-1.18076,0.45063
7,0,15,0.34494,0.34494,0.52433
7,0,30,0.196784,0.196784,0.4781
7,0,45,1.2866,1.2866,0.63354
7,0,15,0.26158,0.26158,0.56179
7,0,15,0.19348,-0.19348,0.57075
8,1,15,0.44218,-0.44218,0.39895
8,1,15,0.38228,0.38228,0.35907
8,1,30,1.22768,-1.22768,0.32267
8,1,15,0.056302,-0.056302,0.48698
8,1,30,2.3034,-2.3034,0.34698
8,1,15,0.6591,0.6591,0.38042
8,1,30,1.30488,-1.30488,0.38749
8,1,30,0.68164,0.68164,0.365
8,1,30,1.92656,-1.92656,0.48043
8,1,45,0.55336,0.55336,0.45625
8,1,45,0.4205,0.4205,0.29919
8,1,15,1.80276,1.80276,0.29737
8,1,45,2.9692,2.9692,0.44027
8,1,45,0.2691,0.2691,0.44998
8,1,30,0.63634,-0.63634,0.53036
8,1,30,0.61374,-0.61374,0.44315
8,1,15,0.21788,0.21788,0.42731
8,1,45,3.0274,-3.0274,0.46306
8,1,15,0.0035408,-0.0035408,0.46051
8,1,45,1.56494,1.56494,0.50884
8,1,30,1.04532,1.04532,0.27329
8,1,15,0.14247,0.14247,0.3028
8,1,45,2.2462,2.2462,0.306
8,1,45,1.91936,-1.91936,0.41274
8,0,30,0.46674,0.46674,0.40581
8,0,45,1.68426,1.68426,0.44344
8,0,30,1.16706,1.16706,0.42022
8,0,15,0.2915,-0.2915,0.45484
8,0,45,1.64264,1.64264,0.40626
8,0,45,0.1649,-0.1649,0.50641
8,0,15,0.101878,0.101878,0.42213
8,0,15,0.23906,0.23906,0.38031
8,0,45,1.55256,-1.55256,0.41212
8,0,15,0.85646,-0.85646,0.52752
8,0,15,1.17698,-1.17698,0.50305
8,0,45,0.96592,0.96592,0.57508
8,0,15,0.0084652,-0.0084652,0.45069
8,0,30,0.63112,0.63112,0.60409
8,0,15,0.79374,0.79374,0.44609
8,0,30,0.30182,0.30182,0.48564
8,0,15,1.04402,-1.04402,0.42019
8,0,30,0.176202,-0.176202,0.41402
8,0,45,0.49556,-0.49556,0.8231
8,0,45,1.0357,1.0357,0.67022
8,0,30,0.563,0.563,0.46427
8,0,45,0.32518,0.32518,0.44312
8,0,30,3.0594,3.0594,0.40292
8,0,30,1.10032,1.10032,0.44498
8,0,15,0.037786,0.037786,0.62988
8,0,30,1.14994,1.14994,0.50434
8,0,30,0.3186,0.3186,0.64306
8,0,45,0.029472,-0.029472,0.50298
8,0,30,0.8192,0.8192,0.57262
8,0,15,0.92542,-0.92542,0.52811
8,0,15,0.069122,-0.069122,0.70596
8,0,30,0.66124,0.66124,0.56417
8,0,15,0.26496,0.26496,0.50617
8,0,15,0.175412,-0.175412,0.55033
8,0,30,0.59896,0.59896,0.52109
8,0,45,0.20358,-0.20358,1.343
8,0,45,1.31114,-1.31114,0.61888
8,0,30,0.187682,-0.187682,0.52047
8,0,15,0.21248,-0.21248,0.59046
8,0,45,0.69006,-0.69006,1.1535
8,0,45,0.2395,0.2395,0.64759
8,0,45,1.20276,-1.20276,0.63632
8,0,15,1.0064,1.0064,0.72108
8,0,45,0.54702,0.54702,0.60228
8,0,30,0.50462,-0.50462,1.4744
8,0,15,0.52874,0.52874,0.7095
8,0,45,0.6759,-0.6759,1.2076
8,0,30,0.46728,-0.46728,0.93962
8,1,15,0.042446,0.042446,0.47278
8,1,15,0.41674,0.41674,0.41059
8,1,45,1.0919,1.0919,0.38942
8,1,45,0.29482,-0.29482,0.48792
8,1,15,0.5062,0.5062,0.42061
8,1,15,0.2248,-0.2248,0.50347
8,1,45,2.0836,-2.0836,0.69587
8,1,45,1.36542,-1.36542,0.45368
8,1,15,0.7769,-0.7769,0.49907
8,1,30,1.55204,-1.55204,0.44996
8,1,30,0.18392,0.18392,0.6121
8,1,30,0.43798,-0.43798,0.58876
8,1,30,3.1186,-3.1186,0.45135
8,1,15,0.063844,-0.063844,0.44213
8,1,30,1.00074,-1.00074,0.45548
8,1,45,1.67568,-1.67568,0.41579
8,1,45,2.4176,2.4176,0.59197
8,1,15,0.41326,0.41326,0.58093
8,1,15,0.30928,0.30928,0.5264
8,1,30,0.109048,0.109048,0.51175
8,1,45,1.70676,-1.70676,0.51277
8,1,30,0.38938,-0.38938,0.51541
8,1,30,0.27234,0.27234,0.62999
8,1,45,1.08392,1.08392,0.5373
8,1,30,2.2544,-2.2544,0.46453
8,1,45,1.2864,1.2864,0.44467
8,1,15,0.116472,0.116472,0.51751
8,1,30,0.126694,-0.126694,0.47266
8,1,15,0.051402,-0.051402,0.47314
8,1,30,0.25356,-0.25356,0.50249
8,1,45,1.99472,1.99472,1.1691
8,1,15,0.57062,0.57062,0.54281
8,1,15,0.066122,0.066122,0.60461
8,1,30,0.159548,0.159548,0.51514
8,1,45,1.61932,1.61932,0.57117
8,1,15,0.63902,0.63902,0.51908
8,1,45,0.54862,-0.54862,0.42752
8,1,45,0.050146,0.050146,0.43858
8,1,15,0.14328,0.14328,0.42199
8,1,15,1.28426,-1.28426,0.53352
8,1,15,0.47122,0.47122,0.4214
8,1,30,0.0289,-0.0289,0.45942
8,1,30,1.1029,1.1029,0.60064
8,1,45,2.3562,2.3562,0.42239
8,1,30,0.0115502,-0.0115502,0.57849
8,1,45,1.23516,-1.23516,0.47988
8,1,30,0.129388,-0.129388,0.50812
8,1,45,1.99062,-1.99062,0.42306
8,1,45,0.5793,-0.5793,0.60357
8,1,15,0.3584,-0.3584,0.42635
8,1,45,2.5236,-2.5236,0.47562
8,1,15,0.04654,0.04654,0.51924
8,1,15,0.174844,0.174844,0.52051
8,1,30,1.30928,-1.30928,0.46601
8,1,45,0.44742,0.44742,0.47878
8,1,15,0.3379,-0.3379,0.44092
8,1,30,0.43828,0.43828,0.90167
8,1,30,0.36334,0.36334,0.44052
8,1,15,0.38302,0.38302,0.45129
8,1,15,0.85588,-0.85588,0.45486
8,1,30,0.20194,0.20194,0.46021
8,1,15,0.95238,0.95238,0.43503
8,1,45,0.74892,-0.74892,0.44462
8,1,15,0.56626,-0.56626,0.45632
8,1,30,1.52466,1.52466,0.61411
8,1,45,2.4626,2.4626,0.50222
8,1,45,1.17752,1.17752,0.83233
8,1,30,1.45472,1.45472,0.68412
8,1,45,0.78126,0.78126,0.47157
8,1,30,0.178304,-0.178304,0.44054
8,1,45,0.6058,-0.6058,0.49986
8,1,30,0.30776,0.30776,0.53705
8,0,15,0.7741,0.7741,0.4737
8,0,15,0.13719,0.13719,0.47162
8,0,45,0.7303,0.7303,0.68304
8,0,15,0.224,0.224,0.51954
8,0,30,0.533,-0.533,0.44301
8,0,30,0.25998,0.25998,0.54906
8,0,15,0.0078168,0.0078168,0.59449
8,0,15,0.47194,-0.47194,0.48763
8,0,15,0.22782,0.22782,0.50353
8,0,30,0.66118,0.66118,0.50861
8,0,45,1.81846,-1.81846,0.47769
8,0,45,0.3922,-0.3922,0.47912
8,0,15,0.16757,0.16757,0.49302
8,0,30,0.68336,0.68336,0.50581
8,0,30,0.162028,0.162028,0.45915
8,0,45,1.40994,-1.40994,0.52367
8,0,30,1.69342,1.69342,0.45537
8,0,45,0.43604,-0.43604,0.50539
8,0,15,0.46394,-0.46394,0.47707
8,0,45,0.5926,-0.5926,1.1915
8,0,45,1.10834,-1.10834,0.9455
8,0,30,0.53424,0.53424,1.578
8,0,45,1.51954,1.51954,1.2093
8,0,30,0.23928,-0.23928,0.84561
8,0,15,0.02935,-0.02935,0.51768
8,0,45,2.9214,-2.9214,1.0523
8,0,15,0.22798,0.22798,0.61493
8,0,30,0.52222,0.52222,0.62326
8,0,15,0.01573,0.01573,0.54412
8,0,45,0.49712,0.49712,1.2955
8,0,15,0.3542,0.3542,0.63218
8,0,30,0.35472,-0.35472,0.68916
8,0,45,1.38348,-1.38348,0.59988
8,0,45,0.99298,0.99298,0.66137
8,0,30,0.13167,0.13167,0.56776
8,0,30,0.32356,0.32356,0.57426
8,0,45,0.25506,0.25506,0.58029
8,0,30,0.113682,-0.113682,0.5132
8,0,45,0.65896,0.65896,0.51144
8,0,30,1.37706,1.37706,0.55772
8,0,30,0.092772,0.092772,0.50566
8,0,45,0.32006,0.32006,0.55262
8,0,15,0.48542,0.48542,0.62671
8,0,15,0.033514,0.033514,0.58293
8,0,15,0.575,0.575,0.58561
8,0,45,0.09066,-0.09066,0.62443
8,0,15,0.38816,0.38816,0.50813
8,0,30,0.086126,-0.086126,0.6748
8,1,45,0.95802,0.95802,0.45019
8,1,45,0.35008,0.35008,0.88033
8,1,45,0.18195,-0.18195,0.9374
8,1,15,0.26008,0.26008,0.51454
8,1,45,0.52854,-0.52854,0.6043
8,1,30,0.39592,0.39592,0.45079
8,1,15,0.22324,-0.22324,0.47102
8,1,30,1.41634,-1.41634,0.51945
8,1,30,0.78578,-0.78578,0.53714
8,1,30,1.10766,1.10766,0.45135
8,1,45,0.5616,0.5616,0.44301
8,1,15,0.020656,-0.020656,0.5097
8,1,30,0.038596,0.038596,0.51292
8,1,15,0.4453,0.4453,0.44311
8,1,45,1.29986,1.29986,0.45819
8,1,30,0.06676,-0.06676,0.4697
8,1,15,0.9156,-0.9156,0.44088
8,1,30,0.87518,0.87518,0.53724
8,1,30,1.21836,1.21836,0.42231
8,1,15,0.87692,-0.87692,0.46218
8,1,15,0.168168,-0.168168,0.46164
8,1,45,2.697,2.697,0.5088
8,1,15,0.45674,-0.45674,0.50721
8,1,45,0.88906,0.88906,0.56338
8,0,45,0.2344,0.2344,0.68524
8,0,15,0.031496,-0.031496,0.48668
8,0,45,0.31244,0.31244,0.52076
8,0,15,0.31456,0.31456,0.49357
8,0,15,0.34478,0.34478,0.50814
8,0,30,0.08046,-0.08046,0.5786
8,0,15,0.93674,0.93674,0.50895
8,0,30,0.20834,-0.20834,0.62214
8,0,45,0.82368,-0.82368,0.50158
8,0,15,0.0156032,0.0156032,0.42713
8,0,45,0.61958,0.61958,0.60484
8,0,15,0.95322,0.95322,0.4933
8,0,30,0.28386,0.28386,0.4681
8,0,30,0.763,0.763,0.58659
8,0,45,1.22856,-1.22856,0.48234
8,0,15,0.128092,-0.128092,0.55249
8,0,45,0.98942,-0.98942,1.2856
8,0,30,0.164866,-0.164866,0.52571
8,0,45,2.1868,2.1868,0.47814
8,0,30,1.03172,1.03172,0.75299
8,0,30,0.65274,-0.65274,0.68367
8,0,15,0.2955,-0.2955,0.46383
8,0,30,0.194856,0.194856,0.83021
8,0,30,2.2506,2.2506,0.53849
8,0,45,1.54818,1.54818,1.9212
8,0,15,1.08744,1.08744,0.61779
8,0,15,0.053,0.053,0.66593
8,0,30,0.77306,0.77306,0.61676
8,0,45,0.91004,-0.91004,2.0022
8,0,30,0.46028,0.46028,0.57349
8,0,45,0.114072,0.114072,0.69329
8,0,15,0.111882,-0.111882,0.74643
8,0,15,0.52632,0.52632,0.71022
8,0,30,0.122432,0.122432,0.92466
8,0,30,0.4714,-0.4714,0.68746
8,0,45,0.30284,0.30284,0.77615
8,0,15,0.36386,0.36386,0.56436
8,0,15,0.34882,-0.34882,0.5153
8,0,45,0.148052,-0.148052,0.47146
8,0,30,0.197376,-0.197376,0.50533
8,0,45,2.7602,-2.7602,0.77771
8,0,15,0.04479,0.04479,0.52091
8,0,15,0.83966,0.83966,0.55099
8,0,30,0.22864,-0.22864,0.47304
8,0,15,0.24376,0.24376,0.59383
8,0,30,0.30154,-0.30154,0.79124
8,0,15,0.69686,0.69686,0.50932
8,0,15,0.34154,-0.34154,0.51079
8,0,45,0.191954,-0.191954,0.57715
8,0,30,0.13824,-0.13824,0.53459
8,0,15,0.63522,0.63522,0.45372
8,0,45,2.2592,-2.2592,0.43023
8,0,45,1.97894,-1.97894,0.44238
8,0,45,1.11126,1.11126,2.3091
8,0,15,0.35638,0.35638,0.6765
8,0,15,0.0001234,0.0001234,0.56605
8,0,30,0.37626,-0.37626,0.4917
8,0,45,0.61946,-0.61946,0.57984
8,0,30,0.4205,-0.4205,0.46464
8,0,15,0.121878,-0.121878,0.68069
8,0,30,0.7119,0.7119,0.51192
8,0,30,1.03814,1.03814,0.63309
8,0,45,1.6895,-1.6895,2.1847
8,0,45,0.77604,-0.77604,0.59983
8,0,30,0.100264,-0.100264,0.58222
8,0,15,0.26338,0.26338,0.57406
8,0,30,1.62752,-1.62752,0.53791
8,0,45,1.12342,-1.12342,0.50187
8,0,15,0.69158,-0.69158,0.63112
8,0,45,1.14414,-1.14414,0.77219
8,0,45,0.2373,0.2373,0.54266
8,0,30,0.193646,0.193646,0.50495
8,0,15,0.23984,0.23984,0.42461
8,0,15,0.031378,0.031378,0.47553
8,0,45,0.837,-0.837,0.42097
8,0,15,0.89608,0.89608,0.35803
8,0,15,0.177936,-0.177936,0.50801
8,0,15,0.67644,-0.67644,0.36702
8,0,15,0.30938,-0.30938,0.88747
8,0,30,0.83382,-0.83382,0.95467
8,0,45,1.25108,1.25108,0.52277
8,0,45,0.74018,0.74018,0.46999
8,0,30,0.83012,-0.83012,0.48231
8,0,45,1.72384,-1.72384,0.41514
8,0,30,1.27718,-1.27718,0.7289
8,0,45,1.18884,-1.18884,0.67005
8,0,45,0.048678,0.048678,0.53344
8,0,30,1.07418,-1.07418,0.50658
8,0,30,0.71718,-0.71718,0.55506
8,0,15,0.0017377,-0.0017377,0.4635
8,0,30,1.1462,1.1462,0.42847
8,0,30,0.132846,0.132846,0.58282
8,1,15,0.075212,-0.075212,0.52879
8,1,45,0.18204,0.18204,0.49895
8,1,30,1.98088,1.98088,0.46168
8,1,15,0.47292,0.47292,0.51956
8,1,15,0.151016,-0.151016,0.44465
8,1,45,0.76276,0.76276,0.49472
8,1,45,0.36846,-0.36846,0.54253
8,1,30,0.51652,-0.51652,0.43508
8,1,45,0.74446,-0.74446,0.41981
8,1,15,0.093776,0.093776,0.61163
8,1,30,2.9602,-2.9602,0.48513
8,1,15,0.073752,0.073752,0.41198
8,1,45,0.146064,0.146064,0.41202
8,1,30,1.3564,1.3564,0.44151
8,1,30,2.3682,-2.3682,0.3655
8,1,45,2.6538,2.6538,0.53594
8,1,15,0.35262,0.35262,0.45145
8,1,30,0.68898,0.68898,0.47194
8,1,15,0.61098,0.61098,0.46905
8,1,15,0.43648,-0.43648,0.54311
8,1,30,1.01528,1.01528,0.4552
8,1,30,0.84982,-0.84982,0.51132
8,1,45,0.37022,0.37022,0.47714
8,1,45,0.014719,0.014719,0.55692
8,1,15,0.34206,0.34206,0.49797
8,1,30,0.20944,-0.20944,0.58311
8,1,15,0.23114,-0.23114,0.43527
8,1,45,1.11512,-1.11512,0.52109
8,1,30,0.88704,0.88704,0.4215
8,1,15,1.01774,1.01774,0.47827
8,1,45,2.714,-2.714,0.42178
8,1,15,0.22888,0.22888,0.44366
8,1,30,0.28102,-0.28102,0.41545
8,1,15,0.56488,-0.56488,0.42297
8,1,30,2.1184,2.1184,0.49337
8,1,15,0.54742,0.54742,0.41988
8,1,45,1.84554,1.84554,0.55568
8,1,30,0.093444,0.093444,0.60444
8,1,30,0.63824,-0.63824,0.66451
8,1,45,1.43914,-1.43914,0.4426
8,1,45,3.0578,3.0578,0.54751
8,1,45,0.166868,0.166868,0.45915
8,1,45,1.56042,1.56042,0.44104
8,1,15,0.38528,0.38528,0.55924
8,1,45,0.34212,-0.34212,0.41
8,1,15,0.46498,0.46498,0.48485
8,1,30,0.036308,0.036308,0.45604
8,1,30,0.76384,0.76384,0.44604
8,1,30,1.22952,1.22952,0.42684
8,1,45,1.26078,1.26078,0.514
8,1,30,0.40946,0.40946,0.47974
8,1,15,0.66746,-0.66746,0.41628
8,1,30,0.62832,0.62832,0.38732
8,1,45,0.2892,-0.2892,0.47055
8,1,45,1.2393,1.2393,0.392
8,1,15,0.093106,0.093106,0.43242
8,1,15,0.47998,0.47998,0.41993
8,1,30,0.495,-0.495,0.49362
8,1,30,2.101,2.101,0.39774
8,1,15,0.20876,-0.20876,0.44325
8,1,45,0.63862,0.63862,0.43303
8,1,15,0.64244,0.64244,0.45253
8,1,15,0.79436,-0.79436,0.47577
8,1,15,0.047674,0.047674,0.49754
8,1,15,0.38562,0.38562,0.45395
8,1,30,0.12677,-0.12677,0.42004
8,1,30,0.81704,0.81704,0.53344
8,1,45,0.027578,-0.027578,0.47228
8,1,45,0.87482,0.87482,0.42689
8,1,45,0.3745,0.3745,0.46402
8,1,45,1.95154,1.95154,0.45538
8,1,30,0.37722,-0.37722,0.38822
8,0,15,0.038444,-0.038444,0.58692
8,0,15,0.0165134,0.0165134,0.45669
8,0,30,0.157776,-0.157776,0.50751
8,0,30,0.58606,-0.58606,0.47564
8,0,15,0.41376,-0.41376,0.49078
8,0,15,0.077212,0.077212,0.50614
8,0,45,0.94016,0.94016,0.44172
8,0,45,0.15683,0.15683,0.53149
8,0,30,0.25308,0.25308,0.48397
8,0,45,0.47248,0.47248,0.61199
8,0,15,0.3956,0.3956,0.47624
8,0,45,0.2733,0.2733,0.45159
8,0,45,1.84106,-1.84106,0.56465
8,0,30,0.73516,0.73516,0.49289
8,0,45,0.2426,0.2426,0.55826
8,0,30,0.77536,0.77536,0.64546
8,0,45,2.3378,-2.3378,0.56074
8,0,15,0.21354,0.21354,0.49432
8,0,30,0.071616,0.071616,0.50708
8,0,30,0.81164,0.81164,0.51495
8,0,45,2.407,2.407,0.50605
8,0,15,0.86386,0.86386,0.52352
8,0,30,0.92338,0.92338,0.94393
8,0,15,0.48776,-0.48776,0.50715
8,1,45,0.16798,0.16798,0.41242
8,1,30,0.80824,-0.80824,0.48553
8,1,15,0.02149,0.02149,0.51304
8,1,15,0.30588,-0.30588,0.47714
8,1,45,0.21638,-0.21638,0.48371
8,1,45,0.58528,-0.58528,0.49978
8,1,15,0.151136,0.151136,0.47156
8,1,30,0.87892,0.87892,0.59931
8,1,30,0.22504,-0.22504,0.46438
8,1,45,1.634,1.634,0.65919
8,1,15,1.24926,-1.24926,0.49906
8,1,30,1.60042,1.60042,0.40245
8,1,30,0.20124,-0.20124,0.50554
8,1,45,2.019,2.019,0.52439
8,1,30,0.35562,-0.35562,0.51911
8,1,15,0.85146,-0.85146,0.48365
8,1,30,0.43934,-0.43934,0.52046
8,1,30,0.4283,0.4283,0.50358
8,1,15,0.32276,0.32276,0.40897
8,1,45,0.62776,-0.62776,0.50916
8,1,45,0.84152,0.84152,0.46357
8,1,15,2.7334,-2.7334,0.3887
8,1,15,0.46392,-0.46392,0.47856
8,1,45,0.94636,-0.94636,0.44705
8,0,30,0.63866,0.63866,0.61364
8,0,15,0.021904,-0.021904,0.4128
8,0,45,1.30754,-1.30754,0.52726
8,0,15,0.132982,-0.132982,0.44128
8,0,45,0.26472,0.26472,0.48097
8,0,45,2.1698,2.1698,0.44398
8,0,45,2.598,-2.598,0.42289
8,0,30,1.26322,-1.26322,0.58566
8,0,15,0.23748,-0.23748,0.57279
8,0,45,0.78798,-0.78798,0.4402
8,0,15,0.63558,0.63558,0.43639
8,0,30,1.4812,1.4812,0.41254
8,0,15,0.23546,-0.23546,0.454
8,0,15,0.52246,0.52246,0.34185
8,0,30,0.2769,0.2769,0.47161
8,0,30,1.3489,1.3489,0.47981
8,0,45,1.0968,1.0968,0.47232
8,0,30,0.55846,0.55846,0.64608
8,0,45,0.22464,-0.22464,0.44807
8,0,45,0.099292,0.099292,0.40464
8,0,30,0.2556,-0.2556,0.42084
8,0,30,0.041518,-0.041518,0.47369
8,0,15,0.54666,-0.54666,0.44339
8,0,15,0.2173,0.2173,0.49488
8,1,30,0.87568,-0.87568,0.47618
8,1,45,0.36062,0.36062,0.40665
8,1,45,0.28332,-0.28332,0.4324
8,1,45,0.24602,-0.24602,0.59624
8,1,45,1.41626,-1.41626,0.40535
8,1,30,1.75516,-1.75516,0.38116
8,1,45,0.067654,-0.067654,0.45926
8,1,15,2.1582,2.1582,0.47774
8,1,15,0.1005,0.1005,0.50526
8,1,15,0.7345,0.7345,0.45535
8,1,45,1.05242,1.05242,0.47219
8,1,45,2.3282,-2.3282,0.38065
8,1,30,0.62622,-0.62622,0.37712
8,1,15,0.3503,0.3503,0.38362
8,1,30,1.16058,1.16058,0.64176
8,1,45,0.2923,-0.2923,0.39299
8,1,15,0.42796,-0.42796,0.36711
8,1,15,1.16694,-1.16694,0.4052
8,1,15,1.59108,-1.59108,0.38093
8,1,30,0.030114,0.030114,0.78765
8,1,30,1.61578,-1.61578,0.45616
8,1,30,0.80536,0.80536,0.41899
8,1,15,0.27004,0.27004,0.54344
8,1,30,0.3506,0.3506,0.48584
9,1,15,0.7997,0.7997,0.54987
9,1,15,0.24622,0.24622,0.60158
9,1,45,0.14,0.14,1.2429
9,1,45,2.8558,2.8558,1.1433
9,1,15,0.33834,0.33834,0.60367
9,1,45,3.0324,3.0324,0.49052
9,1,45,0.022558,0.022558,1.207
9,1,30,0.40076,-0.40076,0.99797
9,1,30,0.5366,-0.5366,0.67803
9,1,15,0.20906,-0.20906,0.61211
9,1,30,0.2742,-0.2742,0.51102
9,1,30,0.101562,0.101562,0.77338
9,1,15,0.60276,-0.60276,0.65558
9,1,30,0.066784,-0.066784,0.63167
9,1,15,0.154086,0.154086,0.78738
9,1,45,0.59982,-0.59982,1.1112
9,1,30,0.024706,0.024706,0.8061
9,1,45,0.91254,0.91254,0.59442
9,1,15,0.84082,0.84082,0.67488
9,1,45,2.2424,-2.2424,0.6653
9,1,15,0.29894,-0.29894,0.63307
9,1,30,1.54994,-1.54994,0.48815
9,1,30,0.83042,-0.83042,0.69931
9,1,45,1.0714,1.0714,0.93766
9,0,30,1.04548,1.04548,0.80192
9,0,45,0.00094546,-0.00094546,1.4186
9,0,45,1.79248,-1.79248,1.1069
9,0,15,0.29544,0.29544,0.90869
9,0,45,1.96012,1.96012,1.0021
9,0,15,0.45158,-0.45158,0.68341
9,0,15,0.27988,-0.27988,0.67529
9,0,30,0.34236,-0.34236,0.84665
9,0,30,0.4835,0.4835,0.59977
9,0,30,1.01134,-1.01134,0.81451
9,0,15,0.33734,-0.33734,1.055
9,0,15,0.40642,-0.40642,0.89713
9,0,45,0.145758,-0.145758,0.78282
9,0,15,0.23036,-0.23036,1.119
9,0,45,0.060776,0.060776,1.1273
9,0,30,0.153578,-0.153578,1.7707
9,0,30,0.52054,-0.52054,1.8454
9,0,15,0.025744,-0.025744,0.83713
9,0,45,0.66786,-0.66786,1.2858
9,0,30,0.171576,0.171576,1.0795
9,0,15,0.091076,0.091076,0.96852
9,1,30,2.0384,-2.0384,0.8963
9,1,45,1.29116,-1.29116,0.50419
9,1,45,0.36268,-0.36268,0.97463
9,1,45,0.82994,-0.82994,0.66204
9,1,30,0.11652,0.11652,0.92881
9,1,30,2.0232,2.0232,0.40156
9,1,15,0.59876,-0.59876,0.68033
9,1,15,0.2138,0.2138,1.0669
9,1,45,1.73176,1.73176,1.2499
9,1,30,1.31906,1.31906,0.67201
9,1,30,0.26116,-0.26116,1.0187
9,1,45,0.23498,0.23498,1.4931
9,1,45,0.2342,-0.2342,0.60584
9,1,15,0.098926,-0.098926,1.1035
9,1,15,0.44776,0.44776,0.56335
9,1,15,0.37142,-0.37142,0.49111
9,1,30,1.3458,-1.3458,0.69135
9,1,15,1.74134,1.74134,0.40938
9,1,30,2.9682,2.9682,0.36922
9,1,15,0.48418,-0.48418,0.61706
9,1,30,1.14822,-1.14822,0.61647
9,1,45,0.58524,0.58524,0.61195
9,1,15,0.154788,-0.154788,0.54009
9,1,45,0.78002,0.78002,0.54319
9,1,30,0.115864,0.115864,1.6151
9,1,45,1.1045,1.1045,1.5322
9,1,15,0.52534,-0.52534,0.74326
9,1,45,0.64286,0.64286,1.5723
9,1,45,0.114102,-0.114102,1.9141
9,1,15,0.64422,-0.64422,0.64767
9,1,15,0.47692,-0.47692,0.51605
9,1,15,0.72502,0.72502,0.60966
9,1,30,0.4399,-0.4399,0.52707
9,1,30,0.33776,-0.33776,0.7212
9,1,45,0.128976,0.128976,0.45834
9,1,45,0.25984,0.25984,1.0992
9,1,30,2.7724,-2.7724,0.40929
9,1,30,0.81372,0.81372,0.5441
9,1,45,0.65626,-0.65626,0.5836
9,1,45,0.25188,0.25188,0.82738
9,1,30,0.28996,-0.28996,0.55186
9,1,45,0.41548,-0.41548,0.37622
9,1,15,0.2177,-0.2177,0.67716
9,1,15,0.103358,0.103358,0.57721
9,1,15,0.097464,0.097464,0.55007
9,1,30,0.109012,-0.109012,0.5521
9,1,15,0.114412,-0.114412,0.49395
9,1,30,0.22594,-0.22594,0.50838
9,0,30,0.2602,0.2602,1.2663
9,0,45,1.23368,1.23368,1.2536
9,0,30,0.62912,-0.62912,2.407
9,0,15,0.066046,0.066046,0.90409
9,0,15,0.29322,0.29322,0.91548
9,0,30,0.16152,-0.16152,2.061
9,0,15,0.15822,-0.15822,1.492
9,0,45,0.25616,-0.25616,1.5771
9,0,45,0.725,0.725,1.6331
9,0,15,0.32334,-0.32334,0.98237
9,0,45,0.51654,-0.51654,0.94311
9,0,30,0.053766,0.053766,0.87829
9,0,30,0.7522,-0.7522,1.2254
9,0,15,0.29938,0.29938,0.65787
9,0,30,0.38728,-0.38728,1.0204
9,0,15,0.44708,0.44708,0.75117
9,0,45,3.1114,-3.1114,0.84296
9,0,30,0.75438,0.75438,0.98777
9,0,45,0.83384,-0.83384,1.2344
9,0,30,0.49022,-0.49022,0.89283
9,0,15,0.00102762,-0.00102762,0.82695
9,0,15,0.162188,0.162188,0.99705
9,0,45,2.156,2.156,1.9041
9,0,15,0.40992,0.40992,0.79878
9,0,45,0.67256,-0.67256,0.77695
9,0,30,0.117484,-0.117484,0.9954
9,0,30,0.190548,0.190548,1.0502
9,0,30,0.53396,-0.53396,1.2739
9,0,15,0.3914,-0.3914,1.0332
9,0,45,1.66692,-1.66692,0.92673
9,0,15,0.26364,-0.26364,0.8844
9,0,15,0.15087,-0.15087,1.087
9,0,30,0.26418,-0.26418,0.79627
9,0,45,0.174434,0.174434,1.8187
9,0,45,0.46176,0.46176,1.2984
9,0,15,0.050812,0.050812,1.0805
9,0,30,0.35398,0.35398,1.3193
9,0,45,1.92808,1.92808,1.0826
9,0,15,0.21038,-0.21038,0.96461
9,0,45,0.41096,0.41096,1.467
9,0,30,0.0166516,-0.0166516,0.9238
9,0,30,1.19574,-1.19574,2.3611
9,0,30,0.39606,-0.39606,0.69514
9,0,15,0.31424,-0.31424,1.9936
9,0,45,0.16439,-0.16439,2.0633
9,0,45,0.616,-0.616,1.4963
9,0,15,0.039214,0.039214,1.2383
9,0,15,0.077552,0.077552,0.61213
9,0,45,1.27842,-1.27842,0.60408
9,0,30,0.3806,-0.3806,0.76081
9,0,45,0.08971,0.08971,1.0561
9,0,45,0.05051,0.05051,1.072
9,0,15,0.50152,0.50152,0.66107
9,0,15,0.098766,0.098766,0.71336
9,0,45,1.0459,1.0459,1.131
9,0,15,0.169072,-0.169072,0.81966
9,0,45,1.39802,1.39802,0.7124
9,0,15,0.29046,-0.29046,0.76584
9,0,30,0.170872,-0.170872,1.0292
9,0,30,0.28232,0.28232,1.4266
9,0,15,0.31534,-0.31534,0.94043
9,0,30,0.31202,-0.31202,1.0391
9,0,30,0.185328,0.185328,0.79561
9,0,30,0.51754,-0.51754,0.62977
9,0,45,0.95726,-0.95726,0.85944
9,0,45,1.8842,-1.8842,0.82601
9,0,15,0.09051,-0.09051,0.81038
9,0,45,1.39754,1.39754,1.1131
9,0,30,0.57332,-0.57332,1.0249
9,0,30,0.32196,-0.32196,0.83089
9,0,15,0.0039136,-0.0039136,0.61202
9,1,30,0.34782,-0.34782,0.7435
9,1,45,1.6965,-1.6965,0.651
9,1,30,0.41972,-0.41972,0.51641
9,1,30,0.37802,0.37802,0.54395
9,1,30,0.33516,0.33516,0.77833
9,1,15,0.26094,0.26094,0.68671
9,1,15,0.113176,-0.113176,0.50653
9,1,15,0.31246,-0.31246,0.59007
9,1,15,0.44614,0.44614,0.81847
9,1,45,0.66688,-0.66688,0.67129
9,1,45,0.34896,-0.34896,0.62704
9,1,15,0.29894,0.29894,0.51503
9,1,30,0.071724,0.071724,0.68092
9,1,30,0.149574,-0.149574,0.66749
9,1,45,1.59344,1.59344,0.41265
9,1,30,0.35084,-0.35084,0.49031
9,1,30,0.040906,0.040906,0.54415
9,1,45,1.26496,-1.26496,0.57664
9,1,15,0.0015281,0.0015281,0.63269
9,1,15,0.7029,-0.7029,0.50203
9,1,45,2.271,2.271,0.62301
9,1,15,0.092962,0.092962,0.50339
9,1,45,0.33434,0.33434,0.59294
9,1,45,2.5244,-2.5244,1.0184
9,0,30,1.23226,-1.23226,0.90152
9,0,45,0.98682,0.98682,1.0491
9,0,45,1.76442,-1.76442,1.1773
9,0,45,1.0163,1.0163,0.79634
9,0,30,0.29766,0.29766,0.59368
9,0,45,2.3948,2.3948,0.87625
9,0,15,0.562,-0.562,0.67211
9,0,45,0.74382,-0.74382,0.94506
9,0,45,0.139302,-0.139302,1.1345
9,0,15,0.71712,0.71712,0.64056
9,0,30,0.024996,-0.024996,1.0403
9,0,30,0.17663,-0.17663,0.96424
9,0,15,0.148944,-0.148944,0.75049
9,0,30,0.91558,-0.91558,0.50426
9,0,15,0.175218,-0.175218,0.7368
9,0,15,0.127576,-0.127576,0.58393
9,0,15,0.036822,-0.036822,0.95434
9,0,30,0.195012,-0.195012,1.0664
9,0,30,0.2561,-0.2561,0.66943
9,0,45,0.051456,0.051456,0.79097
9,0,15,0.4028,0.4028,0.75469
9,0,45,0.8145,-0.8145,0.75786
9,0,15,0.31828,0.31828,0.63759
9,0,30,0.16665,-0.16665,1.0974
9,0,30,0.70138,0.70138,0.64516
9,0,45,2.3894,-2.3894,1.2356
9,0,30,0.7883,-0.7883,0.95763
9,0,45,0.161932,0.161932,1.7227
9,0,30,0.17607,0.17607,0.81372
9,0,30,0.87258,-0.87258,1.0468
9,0,45,0.9915,0.9915,1.5432
9,0,30,0.08598,0.08598,0.74101
9,0,15,0.47838,-0.47838,0.65214
9,0,15,0.166698,-0.166698,0.66023
9,0,45,0.38714,-0.38714,1.0757
9,0,15,0.24244,-0.24244,0.57811
9,0,15,0.70756,0.70756,0.73156
9,0,15,0.105514,0.105514,0.65909
9,0,15,0.161194,-0.161194,0.67005
9,0,45,1.00888,-1.00888,0.87923
9,0,30,0.171908,-0.171908,0.93101
9,0,30,0.52014,-0.52014,0.79552
9,0,45,0.92338,0.92338,0.89865
9,0,15,0.66816,-0.66816,0.75641
9,0,45,0.32956,-0.32956,0.8785
9,0,30,0.66954,-0.66954,0.68933
9,0,15,0.19818,0.19818,0.57748
9,0,45,1.2548,1.2548,0.94199
9,0,15,0.60054,0.60054,0.63358
9,0,45,0.23996,-0.23996,0.74602
9,0,30,0.70634,-0.70634,0.70611
9,0,45,0.059864,0.059864,0.7888
9,0,45,0.43636,-0.43636,0.8412
9,0,30,0.02647,0.02647,1.0117
9,0,30,0.39468,-0.39468,1.119
9,0,15,0.101154,0.101154,0.62959
9,0,30,0.173438,-0.173438,0.80042
9,0,30,0.096002,0.096002,0.87453
9,0,15,0.74178,-0.74178,0.80249
9,0,45,2.8816,-2.8816,0.69831
9,0,30,0.31656,-0.31656,0.83539
9,0,45,2.8338,-2.8338,1.1445
9,0,15,0.37318,-0.37318,0.68811
9,0,30,1.11186,1.11186,0.81211
9,0,15,0.31456,0.31456,0.95749
9,0,45,0.13517,-0.13517,0.79097
9,0,15,0.46144,0.46144,0.91244
9,0,15,0.33242,-0.33242,0.96513
9,0,15,0.196134,-0.196134,1.5879
9,0,45,1.14874,1.14874,0.85028
9,0,30,0.268,-0.268,0.86564
9,0,45,0.37948,0.37948,0.73293
9,1,15,0.42768,-0.42768,0.57334
9,1,45,2.4074,2.4074,0.6348
9,1,30,1.19916,-1.19916,0.43659
9,1,15,0.45652,-0.45652,0.39407
9,1,45,0.29534,-0.29534,0.44628
9,1,15,0.128786,-0.128786,0.43602
9,1,45,1.26866,-1.26866,0.56621
9,1,30,0.36264,0.36264,0.6173
9,1,45,1.19634,-1.19634,0.54779
9,1,45,0.70806,-0.70806,0.47061
9,1,15,0.369,-0.369,0.47738
9,1,30,0.95016,-0.95016,0.72653
9,1,45,0.29302,-0.29302,0.53567
9,1,15,0.51564,-0.51564,0.56753
9,1,15,0.09605,0.09605,0.35505
9,1,30,0.34154,-0.34154,0.47217
9,1,15,0.4466,-0.4466,0.4623
9,1,30,0.38036,0.38036,0.70772
9,1,30,2.221,2.221,0.46721
9,1,45,0.45242,0.45242,0.53365
9,1,45,1.42138,1.42138,0.36249
9,1,30,1.28054,-1.28054,0.30956
9,1,30,0.20558,0.20558,0.71436
9,1,45,2.1468,-2.1468,0.63092
9,1,15,0.59134,-0.59134,0.44059
9,1,45,2.2488,2.2488,0.32059
9,1,15,0.82368,-0.82368,0.52014
9,1,15,0.49906,-0.49906,0.6165
9,1,30,1.16608,-1.16608,0.42097
9,1,30,1.43514,1.43514,0.54986
9,1,30,0.34668,-0.34668,0.50417
9,1,30,0.97898,-0.97898,0.42267
9,1,15,0.46658,-0.46658,0.44516
9,1,15,0.56964,-0.56964,0.51404
9,1,15,0.138394,0.138394,0.52678
9,1,15,0.00596,0.00596,0.51198
9,1,30,0.79878,-0.79878,0.5057
9,1,30,1.0489,1.0489,0.56487
9,1,45,0.47392,-0.47392,0.51559
9,1,45,0.40392,-0.40392,0.49055
9,1,15,0.066034,0.066034,0.50241
9,1,45,1.59886,-1.59886,0.51511
9,1,45,0.34552,-0.34552,0.4962
9,1,30,1.71076,-1.71076,0.46366
9,1,30,1.12484,-1.12484,0.37592
9,1,45,0.94782,-0.94782,0.46537
9,1,45,1.01242,-1.01242,0.4114
9,0,45,1.04938,1.04938,0.6703
9,0,15,0.26988,0.26988,0.83091
9,0,15,0.45502,-0.45502,0.74834
9,0,30,0.053082,-0.053082,0.72071
9,0,30,0.38936,-0.38936,0.82997
9,0,45,1.07888,-1.07888,0.63726
9,0,15,0.49598,-0.49598,0.6336
9,0,45,1.30438,-1.30438,0.53674
9,0,30,1.0598,-1.0598,0.70527
9,0,15,0.040958,-0.040958,0.87005
9,0,15,0.33542,0.33542,1.1705
9,0,30,0.6211,-0.6211,0.95564
9,0,30,0.029318,0.029318,1.0891
9,0,30,0.6617,0.6617,0.9584
9,0,30,0.119542,0.119542,0.82588
9,0,15,0.30082,-0.30082,0.71929
9,0,45,0.73162,-0.73162,0.87039
9,0,15,0.42288,-0.42288,0.79449
9,0,45,1.67016,-1.67016,0.69198
9,0,15,0.66252,-0.66252,0.66256
9,0,45,0.82108,0.82108,0.91883
9,0,30,0.166422,0.166422,0.96063
9,0,45,0.72822,-0.72822,0.66009
9,0,45,0.72152,0.72152,0.57694
9,1,15,0.162672,0.162672,0.78768
9,1,15,0.23572,-0.23572,0.42511
9,1,45,0.080482,-0.080482,0.46284
9,1,30,0.4393,-0.4393,0.50849
9,1,45,0.02364,0.02364,0.57051
9,1,15,0.157078,-0.157078,0.51804
9,1,45,0.064272,-0.064272,0.4215
9,1,15,0.51564,-0.51564,0.48537
9,1,45,0.72862,0.72862,0.48078
9,1,30,0.05577,0.05577,0.49029
9,1,15,0.03335,-0.03335,0.57482
9,1,30,1.5474,1.5474,0.44051
9,1,15,0.51256,-0.51256,0.56502
9,1,30,1.5364,-1.5364,0.50537
9,1,45,0.38144,-0.38144,0.40552
9,1,45,0.3392,0.3392,0.31291
9,1,45,2.5224,-2.5224,0.44784
9,1,15,0.37692,-0.37692,0.58332
9,1,30,1.48954,1.48954,0.55608
9,1,30,0.60536,-0.60536,0.55855
9,1,30,2.2408,-2.2408,0.3578
9,1,30,0.20432,-0.20432,0.46049
9,1,45,1.38484,-1.38484,0.35478
9,1,15,0.170986,0.170986,0.34247
9,1,30,0.5939,-0.5939,0.54442
9,1,15,0.66226,-0.66226,0.40693
9,1,45,0.54806,-0.54806,0.3924
9,1,45,0.45512,-0.45512,0.52315
9,1,45,0.58666,0.58666,0.44832
9,1,45,1.5164,1.5164,0.44288
9,1,15,0.02962,0.02962,0.45401
9,1,30,0.63248,0.63248,0.38887
9,1,45,1.76696,-1.76696,0.46572
9,1,30,2.7282,-2.7282,0.43812
9,1,30,0.26464,-0.26464,0.55952
9,1,15,0.55198,0.55198,0.47467
9,1,15,0.24074,-0.24074,0.47749
9,1,15,2.8086,-2.8086,0.39129
9,1,15,0.98418,-0.98418,0.49583
9,1,30,0.48286,-0.48286,0.68571
9,1,30,2.99,-2.99,0.36643
9,1,45,0.8343,0.8343,0.57622
9,1,45,0.6927,0.6927,0.49367
9,1,30,1.0052,-1.0052,0.4429
9,1,15,0.53054,0.53054,0.367
9,1,30,0.113288,0.113288,0.42359
9,1,15,0.133484,-0.133484,0.55701
9,1,45,0.59612,-0.59612,0.4904
9,1,15,0.34874,0.34874,0.69304
9,1,30,0.63212,-0.63212,0.4988
9,1,45,0.156518,-0.156518,0.55824
9,1,30,0.83564,0.83564,0.4636
9,1,30,0.5177,-0.5177,0.48389
9,1,30,0.34458,0.34458,0.64838
9,1,15,0.185914,-0.185914,0.55538
9,1,30,1.1996,-1.1996,0.50439
9,1,15,0.8144,-0.8144,0.45591
9,1,45,0.62654,0.62654,0.58999
9,1,30,0.6679,-0.6679,0.64385
9,1,45,0.028412,0.028412,0.57622
9,1,15,0.096736,-0.096736,0.48731
9,1,15,0.190666,0.190666,0.47216
9,1,45,0.99426,0.99426,0.91695
9,1,15,0.133766,-0.133766,0.39007
9,1,15,0.09063,0.09063,0.44992
9,1,30,1.23948,-1.23948,0.49063
9,1,45,1.40864,-1.40864,0.48281
9,1,45,3.0446,-3.0446,0.44054
9,1,45,3.1178,3.1178,0.30644
9,1,45,2.5762,-2.5762,0.63657
9,1,15,0.86734,0.86734,0.35943
9,1,30,2.9206,-2.9206,0.3852
9,1,15,0.037152,-0.037152,0.54705
9,1,30,0.176778,0.176778,0.58603
9,1,45,1.8449,1.8449,0.47461
9,1,30,2.2312,-2.2312,0.58381
9,1,45,0.77994,-0.77994,0.61059
9,1,30,0.124088,-0.124088,0.68604
9,1,45,0.099326,-0.099326,0.63382
9,1,45,0.515,0.515,0.97523
9,1,15,0.2218,-0.2218,0.61506
9,1,45,1.44622,1.44622,0.67381
9,1,15,0.25908,-0.25908,0.54959
9,1,15,0.21014,-0.21014,0.44744
9,1,30,0.4922,-0.4922,0.46995
9,1,30,0.5183,-0.5183,0.44534
9,1,30,0.040332,-0.040332,0.54291
9,1,15,0.31742,0.31742,0.71728
9,1,15,1.68966,-1.68966,0.32209
9,1,45,0.79006,-0.79006,0.6932
9,1,15,0.056176,0.056176,0.54066
9,1,45,1.42286,1.42286,0.46144
9,1,30,0.129336,-0.129336,0.53123
9,1,30,1.0289,-1.0289,0.46015
9,1,15,0.142256,-0.142256,0.49197
9,1,45,0.5154,-0.5154,0.55965
9,0,45,0.7352,0.7352,0.86946
9,0,45,0.67342,0.67342,0.80156
9,0,15,0.47844,-0.47844,0.52635
9,0,45,0.5952,-0.5952,0.79586
9,0,30,0.29302,-0.29302,0.68863
9,0,15,0.26128,-0.26128,0.84805
9,0,15,0.029334,0.029334,0.57704
9,0,30,0.44544,0.44544,0.75363
9,0,45,0.78066,-0.78066,0.89673
9,0,45,0.73418,0.73418,0.7522
9,0,30,0.144094,-0.144094,0.69829
9,0,15,0.054098,0.054098,0.62273
9,0,45,0.28476,-0.28476,0.62984
9,0,15,0.0056904,0.0056904,0.72905
9,0,30,0.76564,-0.76564,0.69805
9,0,15,0.108862,-0.108862,0.54584
9,0,30,0.22364,-0.22364,0.75205
9,0,45,1.25604,-1.25604,0.60379
9,0,30,1.22858,-1.22858,0.51301
9,0,30,0.78486,0.78486,0.85203
9,0,15,0.40546,0.40546,0.78821
9,0,45,0.6777,-0.6777,1.3648
9,0,30,1.01524,-1.01524,0.64804
9,0,15,0.133076,-0.133076,0.81996
9,0,30,0.67326,-0.67326,0.9946
9,0,15,0.11707,0.11707,0.66373
9,0,30,0.69818,0.69818,0.58606
9,0,30,0.4639,-0.4639,0.92531
9,0,45,0.024052,-0.024052,0.92636
9,0,45,0.76784,0.76784,1.3582
9,0,45,0.42674,-0.42674,0.62063
9,0,45,0.79298,-0.79298,0.70249
9,0,15,0.6571,0.6571,0.69387
9,0,15,0.25082,0.25082,0.57072
9,0,30,0.011186,0.011186,1.2284
9,0,15,0.3045,0.3045,0.9036
9,0,15,0.30748,0.30748,0.59145
9,0,45,1.32124,1.32124,0.86018
9,0,30,0.032876,-0.032876,0.63495
9,0,15,0.58226,-0.58226,0.61081
9,0,45,0.692,0.692,0.78729
9,0,45,0.27544,-0.27544,2.1146
9,0,15,0.35574,-0.35574,0.85731
9,0,30,0.96984,-0.96984,0.84412
9,0,45,2.5096,2.5096,0.66154
9,0,30,0.039254,0.039254,0.60761
9,0,30,0.051624,0.051624,0.91071
9,0,15,0.57722,0.57722,0.59915
10,0,15,0.0140564,-0.0140564,0.95123
10,0,45,0.18777,-0.18777,1.2697
10,0,30,0.4493,-0.4493,1.7832
10,0,30,0.5479,0.5479,0.75787
10,0,15,0.040694,-0.040694,0.77353
10,0,30,0.05302,0.05302,0.7663
10,0,30,0.56508,0.56508,1.2544
10,0,30,0.4741,0.4741,1.0862
10,0,15,0.177342,-0.177342,0.78081
10,0,15,0.129984,-0.129984,1.0333
10,0,15,0.34406,0.34406,0.83565
10,0,45,0.41626,-0.41626,1.7458
10,0,30,0.150426,-0.150426,1.3295
10,0,30,0.83886,0.83886,0.85259
10,0,45,1.34228,1.34228,0.98628
10,0,30,1.57872,-1.57872,2.1956
10,0,15,0.077034,0.077034,1.022
10,0,15,0.114568,0.114568,0.7615
10,0,15,0.20022,-0.20022,0.7223
10,1,15,0.032354,-0.032354,0.58053
10,1,45,2.2822,-2.2822,0.61859
10,1,45,0.38368,-0.38368,0.53376
10,1,15,0.116542,0.116542,0.50624
10,1,30,0.67904,-0.67904,0.52318
10,1,15,0.113024,-0.113024,0.48458
10,1,45,0.90174,0.90174,0.5498
10,1,15,0.03109,0.03109,0.50425
10,1,45,0.401,-0.401,0.55436
10,1,45,2.8522,-2.8522,0.60743
10,1,30,0.091758,-0.091758,0.51508
10,1,45,0.62176,0.62176,0.47082
10,1,45,1.66958,1.66958,0.56955
10,1,30,0.27758,-0.27758,0.52736
10,1,15,0.085506,0.085506,0.4925
10,1,15,0.34574,-0.34574,0.46398
10,1,30,1.34538,1.34538,0.44339
10,1,45,2.0658,-2.0658,0.5215
10,1,15,0.124282,-0.124282,0.50587
10,1,30,0.681,-0.681,0.52317
10,1,30,0.2481,-0.2481,0.47465
10,1,30,0.34334,0.34334,0.5209
10,1,30,1.09308,-1.09308,0.46029
10,1,15,0.72118,-0.72118,0.47178
10,0,45,1.04806,1.04806,0.67985
10,0,15,0.46002,-0.46002,0.57308
10,0,45,0.194402,-0.194402,1.767
10,0,15,0.083666,-0.083666,1.0537
10,0,30,0.3152,0.3152,1.0591
10,0,15,0.40296,0.40296,0.80824
10,0,15,0.025694,-0.025694,0.77044
10,0,30,0.35044,-0.35044,1.6746
10,0,15,0.2876,-0.2876,0.69432
10,0,30,0.36366,0.36366,0.85674
10,0,15,0.109478,-0.109478,0.65476
10,0,45,0.53762,-0.53762,1.2338
10,0,30,0.26746,0.26746,0.94813
10,0,15,0.43714,-0.43714,1.283
10,0,30,0.76936,-0.76936,0.98539
10,0,45,0.42992,-0.42992,1.1896
10,0,30,1.18672,-1.18672,0.65664
10,0,30,0.12643,0.12643,0.77046
10,0,15,0.132992,-0.132992,0.60577
10,1,45,0.64834,0.64834,0.62302
10,1,15,0.76952,-0.76952,0.50915
10,1,45,0.37206,0.37206,0.54901
10,1,30,0.60712,-0.60712,0.52644
10,1,45,0.89516,-0.89516,0.51252
10,1,30,0.44738,0.44738,0.4753
10,1,15,0.34254,-0.34254,0.62979
10,1,30,0.57956,-0.57956,0.58991
10,1,30,0.12238,0.12238,0.55436
10,1,45,0.04403,-0.04403,0.57908
10,1,45,0.33108,0.33108,0.58898
10,1,45,0.5627,0.5627,0.56277
10,1,15,0.023718,-0.023718,0.51595
10,1,30,0.185242,0.185242,0.58374
10,1,30,0.53984,-0.53984,0.57357
10,1,15,0.143152,-0.143152,0.49101
10,1,15,0.68202,-0.68202,0.54339
10,1,15,0.5119,0.5119,0.48067
10,1,15,0.54556,0.54556,0.4616
10,1,45,1.82096,-1.82096,0.42748
10,1,30,0.0084502,-0.0084502,0.54237
10,1,30,0.8242,0.8242,0.54214
10,1,45,0.6465,0.6465,0.53323
10,1,15,0.18091,-0.18091,0.6324
10,1,15,0.077344,-0.077344,0.53296
10,1,15,0.077878,0.077878,0.60031
10,1,15,0.30974,-0.30974,0.51549
10,1,30,0.24348,0.24348,0.56566
10,1,45,0.4659,-0.4659,0.56645
10,1,45,1.86244,1.86244,0.44619
10,1,30,0.66766,-0.66766,0.54004
10,1,30,1.37666,1.37666,0.54216
10,1,30,1.01776,1.01776,0.66223
10,1,15,0.31402,-0.31402,0.60179
10,1,15,0.067404,0.067404,0.5525
10,1,30,0.97188,-0.97188,0.55933
10,1,30,0.99564,0.99564,0.58112
10,1,45,0.2606,-0.2606,0.50658
10,1,45,0.87146,0.87146,0.63106
10,1,45,0.67748,0.67748,0.57015
10,1,15,0.40896,-0.40896,0.49257
10,1,30,0.141782,0.141782,0.54047
10,1,15,0.79136,0.79136,0.55018
10,1,30,0.78756,0.78756,0.62296
10,1,15,0.0132214,0.0132214,0.58216
10,1,45,0.45812,-0.45812,0.82558
10,1,45,0.4072,-0.4072,0.57408
10,1,45,1.99896,-1.99896,0.63344
10,1,45,0.38916,-0.38916,0.5927
10,1,15,0.55824,0.55824,0.47326
10,1,15,0.25952,-0.25952,0.50724
10,1,15,0.32746,-0.32746,0.54305
10,1,45,0.099316,0.099316,0.54441
10,1,30,1.25856,1.25856,0.50535
10,1,45,1.63832,1.63832,0.5349
10,1,45,0.04301,-0.04301,0.53627
10,1,15,0.038308,0.038308,0.49536
10,1,45,1.86822,-1.86822,0.5813
10,1,30,1.24022,-1.24022,0.54098
10,1,45,1.11794,-1.11794,0.5274
10,1,30,0.054816,-0.054816,0.61922
10,1,30,0.52598,-0.52598,0.54903
10,1,15,0.142312,-0.142312,0.53616
10,1,30,1.1231,1.1231,0.68532
10,1,30,0.37946,0.37946,0.6258
10,1,15,0.1319,-0.1319,0.56522
10,1,15,0.44698,-0.44698,0.53278
10,1,30,0.61616,-0.61616,0.60818
10,1,45,0.19714,-0.19714,0.51213
10,1,30,0.156726,-0.156726,1.1504
10,1,15,0.036034,-0.036034,0.55416
10,1,45,1.64774,-1.64774,0.66234
10,1,30,0.194314,0.194314,0.58993
10,1,15,0.21112,-0.21112,0.52924
10,1,15,0.68504,-0.68504,0.47709
10,1,45,0.65078,0.65078,0.60215
10,1,30,0.56902,-0.56902,0.60525
10,1,30,0.45322,-0.45322,0.59469
10,1,45,0.144272,-0.144272,0.5193
10,1,45,0.034292,0.034292,0.56407
10,1,15,0.88258,-0.88258,0.57083
10,1,15,0.5578,0.5578,0.57856
10,1,30,0.29806,-0.29806,0.44235
10,1,45,0.025564,0.025564,0.62464
10,1,45,0.57606,-0.57606,0.57223
10,1,45,2.5094,2.5094,0.45901
10,1,30,1.14572,-1.14572,0.51693
10,1,30,0.082848,-0.082848,0.47362
10,1,45,2.3892,-2.3892,0.52982
10,1,15,0.186352,-0.186352,0.53826
10,1,15,0.0175504,-0.0175504,0.47599
10,1,45,0.38306,-0.38306,0.5405
10,1,30,0.41866,0.41866,0.5413
10,1,30,0.30548,-0.30548,0.51647
10,1,15,0.29416,-0.29416,0.4906
10,1,15,0.190386,-0.190386,0.48816
10,0,45,0.188316,-0.188316,0.53459
10,0,45,0.25032,0.25032,1.1893
10,0,30,0.116514,0.116514,0.75549
10,0,45,0.3221,-0.3221,1.3263
10,0,15,0.05579,0.05579,0.50602
10,0,15,0.039902,-0.039902,0.5708
10,0,15,0.282,-0.282,0.71821
10,0,15,0.062398,-0.062398,0.67147
10,0,30,0.182356,-0.182356,0.87418
10,0,15,0.50306,-0.50306,0.76371
10,0,30,0.19912,-0.19912,0.88679
10,0,30,0.49902,-0.49902,0.95296
10,0,15,0.17488,-0.17488,1.044
10,0,45,2.1054,-2.1054,0.97981
10,0,45,0.56256,-0.56256,0.88753
10,0,45,2.1612,-2.1612,1.0756
10,0,30,0.0138922,0.0138922,1.0621
10,0,30,0.11675,-0.11675,0.63226
10,0,30,0.009975,0.009975,0.76861
10,0,45,0.39108,-0.39108,0.6867
10,0,15,0.48918,0.48918,0.69108
10,0,15,0.139374,-0.139374,0.71901
10,0,30,0.7434,0.7434,0.93283
10,0,45,0.20748,-0.20748,0.80317
10,0,15,0.34792,-0.34792,0.94402
10,0,30,0.123484,0.123484,1.4078
10,0,15,0.107588,0.107588,1.1595
10,0,45,2.737,-2.737,0.86223
10,0,30,0.77392,-0.77392,0.88814
10,0,45,0.8597,-0.8597,0.9534
10,0,30,0.58534,0.58534,1.4006
10,0,30,0.0106978,-0.0106978,1.0285
10,0,15,0.36476,0.36476,0.73167
10,0,45,3.135,3.135,1.5137
10,0,30,0.2128,0.2128,0.95185
10,0,15,0.034856,-0.034856,0.85654
10,0,45,0.27766,-0.27766,0.85668
10,0,30,0.53492,-0.53492,0.85613
10,0,15,0.09423,-0.09423,0.90857
10,0,45,0.303,-0.303,0.87273
10,0,30,0.54486,-0.54486,0.76442
10,0,45,0.055574,0.055574,1.4605
10,0,15,0.0149012,0.0149012,1.2823
10,0,15,0.051792,0.051792,0.88635
10,0,30,0.4056,-0.4056,0.94711
10,0,45,0.81142,0.81142,2.2926
10,0,15,0.053826,-0.053826,0.86123
10,0,15,0.25298,-0.25298,0.83397
10,0,15,0.21558,-0.21558,0.75228
10,0,15,0.186974,0.186974,1.0695
10,0,30,0.3151,0.3151,0.79008
10,0,30,0.43458,-0.43458,0.97162
10,0,30,0.36308,-0.36308,0.76859
10,0,30,0.26182,-0.26182,0.80207
10,0,45,1.28804,-1.28804,0.89914
10,0,45,0.80742,0.80742,0.97823
10,0,30,1.72616,-1.72616,1.08
10,0,45,0.6307,-0.6307,0.87511
10,0,30,0.65114,-0.65114,0.86954
10,0,15,0.20412,0.20412,0.89169
10,0,30,0.160642,-0.160642,0.69111
10,0,15,0.25798,0.25798,0.91694
10,0,30,0.50708,-0.50708,1.743
10,0,15,0.27054,-0.27054,0.87233
10,0,45,1.97776,-1.97776,0.87912
10,0,15,0.150112,-0.150112,1.0529
10,0,15,0.130416,-0.130416,1.1579
10,0,45,0.026204,-0.026204,1.1569
10,0,15,0.11427,-0.11427,1.3326
10,0,45,0.9146,0.9146,2.0042
10,0,30,0.193474,-0.193474,1.395
10,0,30,0.8145,0.8145,1.2633
10,0,30,0.024382,0.024382,1.1507
10,0,45,0.26718,-0.26718,1.1023
10,0,30,0.141784,-0.141784,1.6492
10,0,15,0.057292,-0.057292,0.85352
10,0,30,0.2028,-0.2028,0.99301
10,0,15,0.51286,-0.51286,0.74334
10,0,45,0.43968,-0.43968,1.0225
10,0,30,0.38386,-0.38386,1.006
10,0,15,0.140708,-0.140708,0.78802
10,0,15,0.050092,-0.050092,1.3439
10,0,30,0.58692,0.58692,0.79343
10,0,30,1.22502,1.22502,1.1776
10,0,15,0.115466,0.115466,0.85133
10,0,15,0.47842,-0.47842,1.0675
10,0,15,0.071744,0.071744,0.82798
10,0,45,0.72388,-0.72388,1.5816
10,0,15,0.26532,-0.26532,0.99065
10,0,45,2.2302,2.2302,0.98112
10,0,15,0.13396,0.13396,0.77821
10,0,30,0.37216,-0.37216,2.4051
10,0,15,0.0193024,-0.0193024,0.8163
10,0,30,0.3469,-0.3469,0.95739
10,0,30,0.9817,0.9817,1.0052
10,0,15,0.2635,-0.2635,0.7696
10,0,45,0.67704,-0.67704,0.79805
10,0,45,2.2656,-2.2656,1.7489
10,0,30,0.3798,0.3798,1.2881
10,0,30,0.072612,-0.072612,2.2578
10,0,45,0.6326,0.6326,1.641
10,0,45,0.71064,-0.71064,1.0248
10,0,30,0.117292,0.117292,1.244
10,0,15,0.0106064,0.0106064,1.5567
10,0,45,0.042148,0.042148,2.1023
10,0,45,1.96602,1.96602,1.2337
10,0,15,0.45838,-0.45838,1.3614
10,0,15,0.31076,-0.31076,1.3185
10,0,30,0.51526,-0.51526,1.0218
10,0,15,0.080588,-0.080588,1.1409
10,0,30,0.83958,0.83958,0.92972
10,0,30,0.6273,0.6273,0.90452
10,0,30,0.26952,-0.26952,0.80262
10,0,45,1.00476,-1.00476,1.0517
10,0,15,0.106522,-0.106522,0.89314
10,0,45,1.46718,-1.46718,0.92056
10,0,30,0.29032,-0.29032,0.84803
10,0,45,1.42906,1.42906,1.7355
10,0,15,0.44746,0.44746,0.76829
10,0,15,0.69918,0.69918,0.75938
10,0,30,0.056614,0.056614,1.0744
10,0,45,1.47194,-1.47194,1.7105
10,0,30,0.67006,0.67006,0.77457
10,0,15,0.14256,-0.14256,0.80401
10,0,15,0.67488,-0.67488,0.69512
10,0,45,0.192814,0.192814,2.0225
10,0,45,0.093838,-0.093838,1.1059
10,0,30,0.56836,0.56836,0.83637
10,0,15,0.126542,0.126542,0.85237
10,0,45,1.27636,-1.27636,0.96305
10,0,15,0.133596,-0.133596,0.72089
10,0,30,0.22364,-0.22364,0.92036
10,0,15,0.188878,0.188878,0.74918
10,0,45,0.0126918,0.0126918,0.89424
10,0,15,0.155404,-0.155404,0.86512
10,0,15,0.28884,-0.28884,0.77521
10,0,30,1.37084,-1.37084,1.2237
10,0,30,0.19165,-0.19165,1.2051
10,0,45,0.24674,-0.24674,1.5204
10,0,15,0.119666,-0.119666,0.70722
10,0,15,0.41078,0.41078,1.0454
10,0,45,0.076876,-0.076876,1.9221
10,0,30,0.37618,-0.37618,0.88354
10,0,45,0.56202,0.56202,1.4719
10,0,30,0.33818,0.33818,1.5256
10,0,30,0.022284,0.022284,1.51
10,0,30,0.33574,-0.33574,1.9906
10,0,30,0.5889,0.5889,1.3897
10,0,15,0.23794,0.23794,1.302
10,0,15,0.124682,0.124682,0.86725
10,0,15,0.2817,0.2817,0.82256
10,0,15,0.0129002,-0.0129002,0.90904
10,0,30,0.065816,-0.065816,0.86646
10,0,45,0.50734,0.50734,1.8498
10,1,45,0.079956,0.079956,0.54368
10,1,15,0.21152,0.21152,0.5528
10,1,15,0.187808,0.187808,0.44729
10,1,45,1.44664,-1.44664,0.64903
10,1,30,0.33802,-0.33802,0.41047
10,1,15,0.009188,-0.009188,0.42476
10,1,45,0.87726,0.87726,0.48707
10,1,45,2.3066,-2.3066,0.46902
10,1,15,0.0192848,0.0192848,0.45008
10,1,30,0.27968,-0.27968,0.47892
10,1,45,1.28706,-1.28706,0.43413
10,1,30,0.80172,-0.80172,0.60525
10,1,30,0.09989,0.09989,0.65395
10,1,15,0.06207,0.06207,0.50614
10,1,30,0.56932,-0.56932,0.46836
10,1,30,0.72528,-0.72528,0.37817
10,1,45,0.132534,0.132534,0.39123
10,1,45,1.09194,-1.09194,0.63367
10,1,30,0.04768,0.04768,0.54118
10,1,15,0.3037,0.3037,0.59723
10,1,45,0.22092,0.22092,0.50279
10,1,15,0.046714,0.046714,0.45821
10,1,30,0.8044,0.8044,0.44163
10,1,15,0.72774,-0.72774,0.45517
10,1,15,0.125618,-0.125618,0.52859
10,1,15,0.105088,0.105088,0.51944
10,1,30,0.82298,-0.82298,0.50602
10,1,45,1.20122,1.20122,0.5013
10,1,15,0.2979,0.2979,0.42048
10,1,45,0.85846,0.85846,0.39927
10,1,30,1.47592,-1.47592,0.52586
10,1,15,0.3032,-0.3032,0.51523
10,1,15,0.2011,-0.2011,0.49632
10,1,45,0.06939,0.06939,0.5455
10,1,30,0.70474,-0.70474,0.42429
10,1,15,0.020018,0.020018,0.43886
10,1,30,2.7832,-2.7832,0.51389
10,1,15,0.115878,0.115878,0.56002
10,1,30,0.071154,-0.071154,0.5879
10,1,45,0.40576,0.40576,0.61555
10,1,30,0.38946,-0.38946,0.57798
10,1,15,0.40022,-0.40022,0.47956
10,1,30,0.39144,-0.39144,0.47334
10,1,45,0.118794,0.118794,0.48839
10,1,30,0.53328,0.53328,0.50714
10,1,45,0.35236,0.35236,0.50699
10,1,45,1.22756,1.22756,0.46353
10,1,45,1.74988,1.74988,0.48067
10,1,45,1.03668,1.03668,0.53759
10,1,45,2.4764,-2.4764,0.48832
10,1,30,0.38324,0.38324,0.55285
10,1,45,0.2901,-0.2901,0.44024
10,1,30,1.42518,-1.42518,0.45764
10,1,30,1.51774,1.51774,0.53643
10,1,30,0.55982,0.55982,0.47223
10,1,15,0.96994,0.96994,0.44636
10,1,45,1.83382,-1.83382,0.67693
10,1,45,1.85576,1.85576,0.57098
10,1,45,0.39814,-0.39814,0.63611
10,1,15,0.25022,-0.25022,0.66024
10,1,15,0.0044126,-0.0044126,0.49769
10,1,15,0.0043848,0.0043848,0.54384
10,1,30,0.48282,-0.48282,0.60822
10,1,30,0.30526,0.30526,0.56607
10,1,30,1.77464,-1.77464,0.68751
10,1,15,0.026088,0.026088,0.55958
10,1,30,0.41348,-0.41348,0.61802
10,1,15,0.2479,-0.2479,0.58056
10,1,45,0.174986,0.174986,1.1195
10,1,45,0.78118,0.78118,0.48695
10,1,15,0.24004,-0.24004,0.51673
10,1,15,0.78888,-0.78888,0.47889
10,0,45,0.1883,-0.1883,0.79443
10,0,15,0.63366,-0.63366,0.71661
10,0,30,0.04098,-0.04098,0.5183
10,0,45,0.092356,-0.092356,0.57309
10,0,30,0.62782,0.62782,0.9251
10,0,45,0.158292,0.158292,0.80726
10,0,45,0.48862,-0.48862,0.97337
10,0,30,0.133474,-0.133474,0.74025
10,0,15,0.17271,-0.17271,1.3706
10,0,45,0.22788,-0.22788,1.5827
10,0,30,0.152634,-0.152634,1.0374
10,0,45,2.4654,2.4654,0.79063
10,0,30,0.099712,-0.099712,1.1141
10,0,15,0.34268,-0.34268,1.1883
10,0,30,0.3271,0.3271,1.0976
10,0,30,0.63326,0.63326,1.6701
10,0,15,0.25284,-0.25284,0.77069
10,0,15,0.21548,-0.21548,0.87927
10,0,15,0.186944,0.186944,0.80491
10,0,15,0.123966,0.123966,0.84257
10,0,45,0.35842,-0.35842,0.69174
10,0,30,0.76188,0.76188,1.1217
10,0,15,0.3804,-0.3804,0.58692
10,0,45,2.1594,-2.1594,0.90428
10,1,30,0.053874,-0.053874,0.46562
10,1,15,0.42322,0.42322,0.44363
10,1,30,0.054572,-0.054572,0.3541
10,1,30,1.88788,1.88788,0.34201
10,1,15,0.73288,-0.73288,0.44254
10,1,15,0.7729,-0.7729,0.38907
10,1,30,1.40132,1.40132,0.4101
10,1,30,0.098998,-0.098998,0.47152
10,1,15,1.80522,-1.80522,0.36835
10,1,15,0.192366,0.192366,0.58914
10,1,45,1.97068,-1.97068,0.49595
10,1,15,0.26558,0.26558,0.47761
10,1,45,0.057254,0.057254,0.59051
10,1,15,0.30012,0.30012,0.58205
10,1,45,3.089,3.089,0.36214
10,1,15,0.055634,0.055634,0.53265
10,1,45,2.3734,-2.3734,0.53043
10,1,45,1.71144,1.71144,0.46826
10,1,30,0.19407,0.19407,0.56765
10,1,45,0.70568,0.70568,0.56381
10,1,30,0.61722,0.61722,0.54292
10,1,30,0.7267,-0.7267,0.67258
10,1,45,0.39504,-0.39504,0.53711
10,1,45,0.55118,-0.55118,0.72666
10,1,15,0.2409,0.2409,0.48958
10,1,30,0.61538,0.61538,0.3866
10,1,45,1.106,1.106,0.3875
10,1,15,0.61536,0.61536,0.43065
10,1,45,0.88352,-0.88352,0.44524
10,1,30,0.3987,0.3987,0.45464
10,1,30,2.7574,-2.7574,0.44211
10,1,45,0.9642,0.9642,0.48722
10,1,15,0.97268,-0.97268,0.47165
10,1,15,0.44378,-0.44378,0.44515
10,1,30,1.20512,1.20512,0.5822
10,1,30,0.45626,-0.45626,0.59019
10,1,15,0.57374,0.57374,0.59021
10,1,15,0.2406,-0.2406,0.52864
10,1,30,0.22448,-0.22448,0.5228
10,1,45,0.2849,0.2849,0.44725
10,1,45,2.4168,-2.4168,0.6107
10,1,30,0.9903,0.9903,0.74287
10,1,15,0.116002,0.116002,0.49906
10,1,45,0.46958,0.46958,0.51906
10,1,30,0.36546,0.36546,0.55007
10,1,15,0.24356,0.24356,0.52013
10,1,45,0.3512,-0.3512,0.59434
10,1,45,0.84394,-0.84394,0.58755
11,1,15,0.11701,0.11701,0.51486
11,1,15,0.0121596,0.0121596,0.40901
11,1,15,2.026,2.026,0.46335
11,1,45,2.7102,-2.7102,0.39853
11,1,45,2.2256,2.2256,0.41069
11,1,30,2.0644,2.0644,0.45687
11,1,15,0.38252,-0.38252,0.51001
11,1,15,0.31168,-0.31168,0.45748
11,1,45,0.5441,-0.5441,1.0023
11,1,30,1.96278,-1.96278,1.263
11,1,45,1.99892,-1.99892,1.1421
11,1,30,0.73398,-0.73398,0.59829
11,1,30,1.31678,1.31678,0.46815
11,1,45,0.02933,0.02933,0.35886
11,1,15,0.73908,0.73908,0.34607
11,1,45,0.083572,-0.083572,0.45859
11,1,30,0.87916,-0.87916,0.33598
11,1,15,2.7034,2.7034,0.4458
11,1,45,0.22058,-0.22058,0.35356
11,1,30,1.0953,1.0953,0.31998
11,1,15,2.2808,2.2808,0.43526
11,1,45,0.95084,-0.95084,0.51401
11,1,30,1.23972,1.23972,0.46491
11,1,30,1.09608,-1.09608,0.55457
11,0,45,0.227,0.227,0.62579
11,0,15,0.29536,0.29536,0.44556
11,0,30,0.89952,-0.89952,0.52428
11,0,30,0.2097,-0.2097,0.42845
11,0,30,0.120496,-0.120496,0.49296
11,0,30,0.72882,0.72882,0.47165
11,0,15,0.42498,-0.42498,0.47406
11,0,15,0.84442,0.84442,0.42799
11,0,45,0.047138,-0.047138,0.41801
11,0,30,1.57284,-1.57284,0.47797
11,0,45,1.28212,1.28212,0.44847
11,0,45,0.22334,-0.22334,0.4733
11,0,45,0.192114,0.192114,0.88703
11,0,15,0.199304,-0.199304,1.525
11,0,15,0.27082,0.27082,0.75305
11,0,15,0.113442,-0.113442,0.67704
11,0,15,0.53902,0.53902,0.92802
11,0,15,0.3491,-0.3491,0.89826
11,0,30,0.3049,-0.3049,0.57643
11,1,30,0.63184,-0.63184,0.55263
11,1,15,0.49838,0.49838,0.39384
11,1,30,0.75726,-0.75726,0.9742
11,1,45,2.0926,-2.0926,0.35296
11,1,45,2.2716,2.2716,0.56012
11,1,15,0.32772,0.32772,0.59602
11,1,45,0.180158,0.180158,0.43144
11,1,15,0.6147,-0.6147,0.93252
11,1,45,2.1126,2.1126,0.45769
11,1,45,0.160722,-0.160722,0.56527
11,1,15,0.20466,0.20466,0.48209
11,1,30,0.104064,0.104064,0.50846
11,1,15,0.74156,0.74156,0.51971
11,1,30,0.71296,-0.71296,0.51612
11,1,30,0.99264,0.99264,0.51523
11,1,15,0.43534,-0.43534,0.92765
11,1,45,0.8314,-0.8314,0.56705
11,1,15,0.84508,0.84508,0.50347
11,1,30,1.62786,1.62786,1.0171
11,1,45,0.85356,0.85356,0.54274
11,1,30,0.086274,0.086274,0.54219
11,1,30,0.0106404,0.0106404,0.53901
11,1,15,0.55128,-0.55128,0.50051
11,1,15,0.094244,0.094244,0.76169
11,1,30,1.31392,1.31392,0.63976
11,1,15,0.053388,0.053388,0.4869
11,1,30,0.11955,0.11955,0.47162
11,1,45,1.60102,-1.60102,0.31479
11,1,30,1.66398,1.66398,0.40242
11,1,30,1.85794,-1.85794,0.3738
11,1,45,1.65218,-1.65218,0.43518
11,1,30,1.82918,1.82918,0.38297
11,1,45,0.155348,0.155348,0.43393
11,1,30,1.79496,-1.79496,0.44961
11,1,45,2.262,-2.262,0.35941
11,1,15,0.97854,-0.97854,0.47053
11,1,45,1.32816,1.32816,0.51109
11,1,15,0.34156,-0.34156,0.41094
11,1,45,0.58394,-0.58394,0.48465
11,1,45,1.2284,1.2284,0.45914
11,1,15,0.56102,0.56102,0.43999
11,1,30,0.59166,0.59166,0.51714
11,1,15,0.128552,0.128552,0.46098
11,1,30,0.29888,0.29888,0.42469
11,1,45,1.44164,-1.44164,0.40293
11,1,15,0.5498,-0.5498,0.45964
11,1,15,0.8072,0.8072,0.42249
11,1,30,1.04322,-1.04322,0.5137
11,1,45,2.8794,-2.8794,0.30255
11,1,15,0.133858,-0.133858,0.25535
11,1,15,1.5939,1.5939,0.28797
11,1,15,0.7493,0.7493,0.36964
11,1,45,0.84002,0.84002,0.50448
11,1,15,0.24716,0.24716,0.4492
11,1,45,0.32306,-0.32306,0.4408
11,1,30,1.92346,-1.92346,0.41427
11,1,30,0.80642,0.80642,0.43715
11,1,15,0.49866,0.49866,0.41892
11,1,30,1.22894,1.22894,0.38939
11,1,45,2.6226,2.6226,0.47224
11,1,45,0.40062,0.40062,0.33774
11,1,30,0.7641,-0.7641,0.41945
11,1,30,1.26658,1.26658,0.39735
11,1,45,0.36686,0.36686,0.65646
11,1,45,0.27494,0.27494,0.59298
11,1,15,0.59966,0.59966,0.44739
11,1,30,3.0118,-3.0118,0.37925
11,1,45,1.82422,-1.82422,0.43306
11,1,30,0.0051758,-0.0051758,0.50596
11,1,15,0.88906,0.88906,0.47004
11,1,15,0.75856,-0.75856,0.54215
11,1,15,0.95584,-0.95584,0.59939
11,1,30,0.078254,0.078254,0.41011
11,1,30,0.55888,0.55888,0.51833
11,1,45,0.59536,0.59536,0.43782
11,1,30,0.7469,0.7469,0.50623
11,1,30,0.29112,0.29112,0.46008
11,1,45,0.46306,0.46306,0.50714
11,1,45,0.22812,-0.22812,0.73463
11,1,30,0.43632,0.43632,0.79687
11,1,45,0.8982,-0.8982,0.87858
11,1,45,1.1088,1.1088,1.1483
11,1,15,0.197844,-0.197844,0.58382
11,1,15,0.057436,-0.057436,0.72252
11,1,15,0.082356,-0.082356,0.80769
11,1,45,2.1714,-2.1714,0.87388
11,1,15,0.46998,-0.46998,0.57627
11,1,15,0.31818,-0.31818,1.4211
11,1,45,1.68594,-1.68594,0.89406
11,1,15,0.123356,0.123356,0.58901
11,1,30,0.29056,0.29056,1.1406
11,1,45,1.99364,-1.99364,0.81953
11,1,15,0.6907,0.6907,0.4985
11,1,30,0.47552,-0.47552,0.82461
11,0,45,1.9681,1.9681,0.57581
11,0,30,0.146018,-0.146018,0.89515
11,0,15,0.91228,-0.91228,0.58137
11,0,30,0.31266,0.31266,0.80183
11,0,15,0.033018,0.033018,0.50921
11,0,30,0.41666,0.41666,0.62708
11,0,45,0.069022,-0.069022,0.49754
11,0,15,0.31614,-0.31614,0.45673
11,0,15,0.24038,-0.24038,0.46474
11,0,45,2.4434,-2.4434,0.45818
11,0,30,0.43726,-0.43726,0.56402
11,0,30,0.95706,-0.95706,0.40206
11,0,45,0.4835,0.4835,1.1218
11,0,45,0.099856,-0.099856,0.61357
11,0,15,0.39548,-0.39548,0.47973
11,0,30,0.04151,-0.04151,0.50616
11,0,45,0.2599,0.2599,0.53569
11,0,30,0.47988,0.47988,0.45019
11,0,45,1.54942,-1.54942,0.72427
11,0,30,0.9598,-0.9598,0.44382
11,0,45,0.07488,-0.07488,0.71225
11,0,15,0.039662,0.039662,0.41177
11,0,15,0.24394,-0.24394,0.43598
11,0,15,0.064334,0.064334,0.51166
11,0,30,0.97072,0.97072,0.80118
11,0,30,0.21378,-0.21378,0.52627
11,0,45,0.24372,-0.24372,0.74133
11,0,30,0.46294,0.46294,0.56582
11,0,30,0.4814,0.4814,0.51662
11,0,30,1.04086,-1.04086,0.889
11,0,15,0.57948,-0.57948,0.49616
11,0,15,0.0058364,0.0058364,0.53925
11,0,15,0.44568,0.44568,0.51871
11,0,15,0.30534,0.30534,0.5102
11,0,45,0.58274,0.58274,0.49072
11,0,15,1.4271,-1.4271,0.61587
11,0,15,1.04222,1.04222,0.63331
11,0,45,0.170714,0.170714,0.68644
11,0,30,0.20834,0.20834,0.55023
11,0,45,1.02808,-1.02808,0.69869
11,0,30,1.1608,-1.1608,0.66901
11,0,45,0.99672,0.99672,0.75501
11,0,45,2.996,2.996,0.19151
11,0,15,1.16568,1.16568,0.50486
11,0,15,0.028386,-0.028386,0.5876
11,0,30,0.53924,0.53924,0.78982
11,1,15,0.079892,0.079892,0.35396
11,1,15,0.109122,0.109122,0.56253
11,1,15,0.24618,0.24618,0.54725
11,1,45,0.83622,-0.83622,0.55041
11,1,15,0.76062,0.76062,0.57815
11,1,30,0.071204,0.071204,0.55275
11,1,45,0.95518,0.95518,0.93975
11,1,45,0.73034,0.73034,0.64422
11,1,30,0.55156,0.55156,0.54889
11,1,15,0.064162,-0.064162,0.58175
11,1,30,1.0002,-1.0002,0.51489
11,1,30,0.22976,0.22976,0.51236
11,1,30,0.74264,0.74264,0.56519
11,1,45,2.1456,2.1456,0.77428
11,1,45,0.131136,0.131136,1.2054
11,1,45,0.57864,-0.57864,1.6101
11,1,30,1.30164,-1.30164,0.52023
11,1,30,0.100084,0.100084,0.54699
11,1,45,0.22106,-0.22106,1.1501
11,1,15,0.2306,-0.2306,0.51625
11,1,15,0.68668,-0.68668,0.55041
11,1,30,0.89262,0.89262,0.53302
11,1,45,0.65678,-0.65678,0.51335
11,1,15,0.54416,0.54416,0.50771
11,0,15,0.85572,0.85572,0.59265
11,0,15,0.41444,-0.41444,0.55253
11,0,45,0.75376,-0.75376,0.56304
11,0,30,0.21794,-0.21794,0.48909
11,0,15,0.137918,-0.137918,0.51665
11,0,30,1.6628,1.6628,0.74804
11,0,30,0.79932,-0.79932,0.57094
11,0,45,0.9696,0.9696,0.48873
11,0,30,0.183636,-0.183636,0.54517
11,0,30,0.79086,-0.79086,0.47531
11,0,15,0.45412,-0.45412,0.66549
11,0,45,1.17588,-1.17588,0.7853
11,0,15,0.097592,0.097592,0.58312
11,0,30,0.010967,0.010967,0.54888
11,0,30,0.9167,-0.9167,0.50436
11,0,30,0.27186,0.27186,0.50509
11,0,45,1.47002,1.47002,0.5673
11,0,45,0.97542,-0.97542,0.47044
11,0,15,0.38318,-0.38318,0.49012
11,0,45,3.1376,-3.1376,0.51302
11,0,15,0.43772,0.43772,0.5494
11,0,45,1.50754,-1.50754,0.81691
11,0,45,2.1962,-2.1962,0.80232
11,0,15,0.46806,0.46806,0.53738
11,0,30,0.90164,0.90164,0.5934
11,0,45,0.28568,-0.28568,0.54749
11,0,45,1.0599,1.0599,0.54895
11,0,15,0.0023818,0.0023818,0.50517
11,0,15,0.68174,-0.68174,0.58119
11,0,30,0.58724,0.58724,0.4974
11,0,30,0.28454,-0.28454,0.56213
11,0,30,1.74714,-1.74714,0.92532
11,0,45,0.29916,-0.29916,0.78369
11,0,15,0.71272,0.71272,0.57262
11,0,30,0.42892,-0.42892,0.9051
11,0,15,0.144558,0.144558,0.48716
11,0,30,0.52418,0.52418,0.89929
11,0,15,0.138182,0.138182,0.52311
11,0,15,0.40622,0.40622,0.52196
11,0,15,0.20468,-0.20468,0.53738
11,0,45,1.5782,1.5782,0.85651
11,0,30,0.56116,0.56116,0.52725
11,0,30,0.149692,-0.149692,0.86517
11,0,15,0.35012,0.35012,0.55316
11,0,45,2.1568,2.1568,0.79102
11,0,45,0.45058,0.45058,0.62145
11,0,45,1.38974,-1.38974,0.78704
11,0,45,0.30538,-0.30538,0.50442
11,0,30,0.81716,0.81716,0.43724
11,0,15,0.3675,-0.3675,0.41345
11,0,15,0.2324,0.2324,0.50954
11,0,45,0.49388,0.49388,0.57099
11,0,30,0.33606,-0.33606,0.53944
11,0,30,0.7944,0.7944,0.47824
11,0,15,0.085014,0.085014,0.5707
11,0,30,0.191388,-0.191388,0.68176
11,0,45,0.48506,-0.48506,0.647
11,0,30,1.39874,-1.39874,0.50675
11,0,45,0.57198,-0.57198,1.6999
11,0,15,0.170684,0.170684,0.61165
11,0,45,0.94888,0.94888,0.79977
11,0,30,1.19348,-1.19348,0.89456
11,0,45,0.080926,-0.080926,0.49764
11,0,30,0.78102,-0.78102,0.6075
11,0,15,0.63016,-0.63016,0.49027
11,0,45,2.2296,-2.2296,0.57749
11,0,15,0.150194,0.150194,0.46368
11,0,15,0.089098,0.089098,0.62738
11,0,15,0.53142,-0.53142,0.50824
11,1,45,0.62938,0.62938,0.69028
11,1,15,0.39596,-0.39596,0.44809
11,1,45,0.69036,-0.69036,0.42383
11,1,30,0.8085,0.8085,0.4049
11,1,30,2.4036,2.4036,0.3892
11,1,30,0.44388,0.44388,0.41553
11,1,15,0.133092,-0.133092,0.41107
11,1,15,0.909,0.909,0.46527
11,1,30,0.066062,-0.066062,0.41364
11,1,45,1.5786,-1.5786,0.41272
11,1,30,0.78858,0.78858,0.46119
11,1,45,0.34456,0.34456,0.45367
11,1,30,0.3454,0.3454,0.42113
11,1,45,1.6978,1.6978,0.38102
11,1,45,0.79768,0.79768,0.44173
11,1,15,0.83708,0.83708,0.41053
11,1,15,0.21552,-0.21552,0.28709
11,1,45,0.4375,0.4375,0.49792
11,1,15,2.517,2.517,0.30935
11,1,15,2.6956,-2.6956,0.18153
11,1,30,0.75096,-0.75096,0.69926
11,1,15,0.060148,-0.060148,0.51077
11,1,30,0.43732,0.43732,0.50232
11,1,15,0.35394,0.35394,0.4041
11,1,45,0.0038048,-0.0038048,0.43255
11,1,15,0.168306,0.168306,0.44175
11,1,30,0.30308,0.30308,0.41221
11,1,45,2.7242,-2.7242,0.37535
11,1,45,2.0102,-2.0102,0.48091
11,1,45,0.42172,0.42172,0.44067
11,1,30,0.2657,0.2657,0.44613
11,1,30,0.3799,0.3799,0.44218
11,1,15,0.2327,0.2327,0.51881
11,1,30,0.42378,-0.42378,0.47559
11,1,45,1.80342,1.80342,0.44071
11,1,30,1.43874,1.43874,0.34828
11,1,30,1.36782,1.36782,0.34672
11,1,15,0.1853,0.1853,0.41316
11,1,15,0.54014,0.54014,0.47167
11,1,45,0.07732,0.07732,0.47419
11,1,15,0.133056,0.133056,0.42262
11,1,45,0.67542,0.67542,0.67711
11,1,30,0.79098,0.79098,0.44218
11,1,15,0.6491,0.6491,0.48566
11,1,15,0.50704,-0.50704,0.45377
11,1,45,0.25466,0.25466,0.49863
11,1,30,1.34384,-1.34384,0.66069
11,0,30,1.71162,1.71162,0.63254
11,0,30,0.14665,0.14665,0.4947
11,0,45,1.39858,1.39858,0.45319
11,0,30,0.043798,-0.043798,1.0438
11,0,15,0.5377,-0.5377,0.57831
11,0,45,0.83732,-0.83732,0.53081
11,0,45,0.61782,0.61782,0.76839
11,0,30,1.09456,1.09456,0.4641
11,0,15,0.24958,-0.24958,0.59592
11,0,30,0.058126,0.058126,0.56387
11,0,30,1.58976,-1.58976,0.77854
11,0,45,0.33924,-0.33924,0.4726
11,0,15,0.9079,-0.9079,0.50541
11,0,30,0.23958,0.23958,0.72123
11,0,15,0.33942,-0.33942,0.54932
11,0,15,0.4371,-0.4371,0.4955
11,0,45,1.93598,1.93598,0.53127
11,0,45,2.6958,2.6958,0.44936
11,0,45,0.92076,0.92076,0.67458
11,0,15,0.82886,0.82886,0.51929
11,0,30,1.16452,1.16452,0.43386
11,0,45,0.106126,0.106126,0.51388
11,0,15,0.30884,0.30884,0.54575
11,0,15,0.139978,0.139978,0.51091
11,0,45,2.2756,-2.2756,0.63172
11,0,45,0.84882,-0.84882,0.47113
11,0,30,1.49896,-1.49896,0.41438
11,0,30,1.62468,1.62468,0.46654
11,0,45,0.090294,-0.090294,0.44634
11,0,45,1.67584,1.67584,0.47118
11,0,15,0.23828,-0.23828,0.49927
11,0,15,0.22776,0.22776,0.4931
11,0,45,0.39146,-0.39146,0.82491
11,0,15,0.58694,0.58694,0.46573
11,0,15,0.37794,0.37794,0.4445
11,0,15,0.0114746,0.0114746,0.55466
11,0,45,2.8892,-2.8892,0.69045
11,0,15,0.060084,0.060084,0.51799
11,0,15,0.30094,-0.30094,0.4981
11,0,30,0.7429,0.7429,0.66087
11,0,30,1.1224,-1.1224,0.51632
11,0,30,0.74418,-0.74418,0.4648
11,0,15,0.060416,-0.060416,0.49126
11,0,45,0.5553,0.5553,0.68976
11,0,30,0.23714,-0.23714,0.57691
11,0,45,0.62132,-0.62132,0.4602
11,0,30,0.081768,0.081768,0.48385
11,0,30,0.91022,-0.91022,0.57461
11,0,15,0.40804,0.40804,0.59383
11,0,45,0.91522,-0.91522,0.87818
11,0,45,0.5263,0.5263,0.65111
11,0,45,1.02588,-1.02588,0.56492
11,0,15,0.59556,0.59556,0.53148
11,0,30,1.90008,1.90008,0.62545
11,0,45,1.65958,1.65958,0.73836
11,0,15,0.7056,-0.7056,0.49062
11,0,30,1.33944,-1.33944,0.53845
11,0,15,0.29306,0.29306,0.48561
11,0,30,0.49716,-0.49716,0.50277
11,0,30,0.24794,0.24794,0.47458
11,0,30,2.3424,2.3424,0.32838
11,0,30,1.42882,-1.42882,0.47522
11,0,30,0.2397,0.2397,0.44876
11,0,15,0.201,0.201,0.50484
11,0,15,0.18378,0.18378,0.56681
11,0,45,2.2992,2.2992,0.51831
11,0,45,0.90944,-0.90944,0.68596
11,0,30,0.065738,0.065738,0.43074
11,0,15,0.67484,-0.67484,0.45655
11,0,15,0.141082,-0.141082,0.50004
11,0,45,2.4226,-2.4226,0.67386
11,1,45,1.59138,1.59138,0.8163
11,1,45,2.6554,2.6554,0.40381
11,1,45,1.23728,-1.23728,0.38059
11,1,30,0.71234,-0.71234,0.73206
11,1,45,2.0836,-2.0836,0.4132
11,1,30,0.093608,-0.093608,0.40337
11,1,30,0.34418,-0.34418,0.4435
11,1,15,1.20424,-1.20424,0.28663
11,1,45,1.98978,-1.98978,0.3252
11,1,30,0.60348,0.60348,0.4433
11,1,30,1.0669,-1.0669,0.39482
11,1,15,0.63706,0.63706,0.48027
11,1,15,0.33592,-0.33592,0.37942
11,1,30,0.41186,-0.41186,0.45162
11,1,15,0.60462,-0.60462,0.35374
11,1,15,0.18584,-0.18584,0.39314
11,1,45,0.96594,-0.96594,0.46204
11,1,30,0.50918,0.50918,0.35113
11,1,15,0.153522,-0.153522,0.39912
11,1,45,1.38206,-1.38206,0.33684
11,1,15,0.113336,-0.113336,0.42166
11,1,15,2.6394,2.6394,0.3808
11,1,30,0.2883,-0.2883,0.28762
11,1,45,1.06696,1.06696,0.43612
11,0,45,1.2311,-1.2311,0.4961
11,0,45,1.03328,-1.03328,0.44251
11,0,30,0.41272,-0.41272,0.46228
11,0,45,1.28524,1.28524,0.45547
11,0,45,0.030254,-0.030254,0.41456
11,0,30,0.9281,0.9281,0.5547
11,0,30,0.688,0.688,0.51518
11,0,15,0.96148,-0.96148,0.32439
11,0,45,1.79554,1.79554,0.47349
11,0,15,0.16873,0.16873,0.48811
11,0,30,1.2767,-1.2767,0.46887
11,0,30,0.21314,0.21314,0.40449
11,0,15,0.045526,0.045526,0.45242
11,0,15,0.72036,0.72036,0.45524
11,0,15,0.36264,-0.36264,0.38342
11,0,15,0.7978,0.7978,0.3892
11,0,30,0.34234,-0.34234,0.40016
11,0,45,0.8704,-0.8704,0.70516
11,0,30,0.105544,-0.105544,0.45533
11,0,15,0.110724,-0.110724,0.46582
11,0,15,0.50016,0.50016,0.44229
11,0,30,0.6865,0.6865,0.51217
11,0,45,0.44094,0.44094,0.68922
11,0,45,0.70752,0.70752,0.48436
11,1,15,0.4476,-0.4476,0.50555
11,1,45,3.133,-3.133,0.68412
11,1,15,0.48234,0.48234,0.46145
11,1,15,0.23218,-0.23218,0.44232
11,1,15,0.49924,0.49924,0.55221
11,1,15,0.41832,0.41832,0.49632
11,1,15,0.104326,-0.104326,0.53816
11,1,45,0.71556,0.71556,0.50695
11,1,45,0.096088,0.096088,0.55662
11,1,15,0.9071,0.9071,0.47367
11,1,45,0.71868,-0.71868,0.5145
11,1,30,0.199336,-0.199336,0.46302
11,1,30,0.97918,-0.97918,0.4562
11,1,45,1.81506,1.81506,0.43198
11,1,15,0.30086,-0.30086,0.38969
11,1,45,1.07334,1.07334,0.49973
11,1,30,0.097716,0.097716,0.41328
11,1,30,1.1748,1.1748,0.40741
11,1,30,0.0307,0.0307,0.40888
11,1,45,0.28544,-0.28544,0.56868
11,1,30,1.53248,1.53248,0.46307
11,1,30,0.0027484,-0.0027484,0.50436
11,1,30,0.5088,0.5088,0.47942
11,1,45,0.064584,0.064584,0.51128
12,1,30,0.31692,0.31692,0.43493
12,1,45,0.36232,-0.36232,0.51934
12,1,15,0.62054,-0.62054,0.56478
12,1,15,0.41146,-0.41146,0.49985
12,1,15,1.1064,-1.1064,0.60304
12,1,45,2.1404,-2.1404,0.85011
12,1,45,2.333,2.333,0.76217
12,1,15,0.84542,0.84542,0.85232
12,1,45,0.93874,-0.93874,1.1411
12,1,30,0.21748,-0.21748,0.59254
12,1,45,0.3275,0.3275,0.69459
12,1,15,0.29282,0.29282,0.55146
12,1,30,0.8683,0.8683,0.54907
12,1,15,0.102558,-0.102558,0.67152
12,1,30,0.0891,0.0891,0.71848
12,1,30,0.43866,0.43866,0.64807
12,1,30,0.82504,0.82504,0.60605
12,1,30,0.6582,-0.6582,0.7735
12,1,15,0.76662,0.76662,0.73944
12,1,30,0.43718,-0.43718,0.58128
12,1,45,0.41292,0.41292,0.84214
12,1,45,0.087868,-0.087868,0.71875
12,1,15,0.5943,-0.5943,0.60356
12,1,45,0.6753,-0.6753,0.63769
12,1,15,0.81426,-0.81426,0.58505
12,1,15,0.108766,-0.108766,0.55194
12,1,15,0.86678,-0.86678,0.47005
12,1,45,2.6956,-2.6956,0.43958
12,1,45,1.86588,-1.86588,0.87764
12,1,45,0.8018,-0.8018,0.50042
12,1,15,0.5906,-0.5906,0.52053
12,1,15,1.95428,1.95428,0.40572
12,1,45,2.5328,2.5328,0.64084
12,1,30,0.056342,-0.056342,0.554
12,1,30,0.35698,0.35698,0.50035
12,1,45,1.14818,-1.14818,0.61124
12,1,30,0.27722,0.27722,0.48313
12,1,45,1.14806,1.14806,0.54874
12,1,15,0.077598,-0.077598,0.61116
12,1,15,0.039826,-0.039826,0.63378
12,1,30,0.77368,-0.77368,0.68547
12,1,30,0.63742,-0.63742,0.50159
12,1,30,1.17274,-1.17274,0.57595
12,1,15,0.40428,0.40428,0.72647
12,1,30,0.15707,-0.15707,0.68726
12,1,45,2.5166,2.5166,0.51205
12,1,45,2.7962,-2.7962,0.78312
12,1,30,2.809,-2.809,0.73667
12,0,15,0.25786,-0.25786,0.67311
12,0,30,0.35948,0.35948,1.7301
12,0,45,0.26282,0.26282,0.95189
12,0,45,0.71956,-0.71956,1.4013
12,0,30,0.4784,0.4784,0.76154
12,0,45,1.42624,1.42624,1.8887
12,0,30,0.0166386,-0.0166386,0.65292
12,0,30,1.83388,1.83388,0.79397
12,0,30,0.63928,0.63928,0.65638
12,0,30,1.03322,1.03322,1.5874
12,0,15,0.2421,-0.2421,0.66862
12,0,15,0.159176,0.159176,0.59038
12,0,15,0.29344,0.29344,0.55712
12,0,15,0.46068,-0.46068,0.51165
12,0,45,0.058654,0.058654,1.3544
12,0,30,0.66648,-0.66648,0.96342
12,0,15,0.4199,-0.4199,0.66055
12,0,45,0.067522,0.067522,0.87208
12,0,30,0.676,0.676,0.57617
12,0,15,0.82456,-0.82456,0.74656
12,0,45,0.181956,-0.181956,1.5881
12,0,45,0.00063542,0.00063542,0.68646
12,0,15,0.26092,0.26092,0.71692
12,1,15,0.33942,-0.33942,0.69231
12,1,15,0.069506,-0.069506,0.59897
12,1,45,0.6807,-0.6807,0.59927
12,1,15,0.1857,0.1857,0.68929
12,1,45,0.935,-0.935,0.60326
12,1,30,0.4795,-0.4795,0.50671
12,1,30,0.3479,0.3479,0.56212
12,1,30,0.67316,0.67316,0.56822
12,1,30,0.23278,-0.23278,0.51832
12,1,45,0.30458,-0.30458,0.6085
12,1,30,2.8188,2.8188,0.51454
12,1,45,0.192394,-0.192394,0.59575
12,1,15,0.36368,-0.36368,0.53594
12,1,45,0.5951,-0.5951,0.61172
12,1,15,0.69372,-0.69372,0.65418
12,1,15,0.3512,-0.3512,0.93931
12,1,45,0.95574,0.95574,0.48941
12,1,15,0.524,0.524,0.59953
12,1,30,0.8425,0.8425,0.51829
12,1,15,0.031954,0.031954,0.60772
12,1,45,0.663,-0.663,0.49487
12,1,30,0.53336,-0.53336,0.55704
12,1,45,2.3352,-2.3352,0.49815
12,1,30,0.193854,-0.193854,0.55899
12,0,15,0.66562,-0.66562,0.9187
12,0,15,0.050664,0.050664,1.0121
12,0,30,0.011779,0.011779,0.74542
12,0,15,0.37046,-0.37046,1.4101
12,0,30,1.10722,1.10722,0.79907
12,0,15,0.33688,-0.33688,1.1797
12,0,45,1.6909,-1.6909,0.83542
12,0,30,0.0116368,-0.0116368,0.83993
12,0,15,0.0072024,0.0072024,0.69642
12,0,30,0.84154,0.84154,0.72548
12,0,15,0.141952,-0.141952,0.80522
12,0,30,0.49084,-0.49084,0.72436
12,0,15,0.026322,-0.026322,0.74943
12,0,45,0.78814,-0.78814,0.78854
12,0,45,0.0609,-0.0609,0.69732
12,0,15,0.15843,-0.15843,0.62151
12,0,30,0.27956,-0.27956,0.65857
12,0,30,0.30016,-0.30016,0.72765
12,0,45,0.00405,-0.00405,1.1967
12,0,45,0.4649,-0.4649,0.65849
12,0,45,0.104588,-0.104588,0.67598
12,1,45,2.181,2.181,0.97989
12,1,15,0.80448,0.80448,0.49228
12,1,30,1.26286,-1.26286,0.57188
12,1,30,0.57664,-0.57664,0.57254
12,1,30,0.29534,0.29534,0.53836
12,1,30,0.93796,-0.93796,0.57602
12,1,45,0.59314,-0.59314,0.61428
12,1,15,0.022346,-0.022346,0.61589
12,1,30,0.66924,0.66924,1.1495
12,1,30,1.36594,-1.36594,0.57624
12,1,30,2.0176,2.0176,0.57223
12,1,45,0.58922,0.58922,0.67102
12,1,15,0.65508,-0.65508,0.39364
12,1,15,0.00097912,0.00097912,0.55213
12,1,45,1.4283,-1.4283,0.5438
12,1,15,0.61924,-0.61924,0.64612
12,1,45,0.58632,0.58632,0.71319
12,1,45,0.0171146,-0.0171146,0.6093
12,1,45,0.98524,-0.98524,0.66448
12,1,15,0.25728,0.25728,0.67252
12,1,30,0.39444,-0.39444,0.63012
12,1,15,0.12106,0.12106,0.58859
12,1,15,1.38592,-1.38592,0.65009
12,1,45,0.0029438,0.0029438,0.74854
12,0,15,0.79512,-0.79512,0.61418
12,0,45,0.48516,-0.48516,0.73034
12,0,45,1.08344,1.08344,0.72043
12,0,45,1.73938,-1.73938,0.73646
12,0,15,0.104632,-0.104632,0.6656
12,0,30,0.70864,0.70864,1.786
12,0,30,0.22494,0.22494,0.70313
12,0,45,1.41388,1.41388,1.5201
12,0,45,1.66632,-1.66632,0.8513
12,0,15,0.3758,-0.3758,1.0082
12,0,15,0.77966,-0.77966,0.68246
12,0,45,2.5118,-2.5118,0.94132
12,0,45,0.27388,-0.27388,1.3201
12,0,45,2.6002,2.6002,0.96027
12,0,15,0.54128,-0.54128,0.72721
12,0,30,0.021648,-0.021648,0.86491
12,0,15,0.26908,0.26908,0.59819
12,0,30,0.34448,-0.34448,0.67013
12,0,30,0.21328,-0.21328,0.6371
12,0,30,0.7673,-0.7673,0.8486
12,0,15,0.0174558,-0.0174558,0.76831
12,0,30,0.45378,-0.45378,0.76484
12,0,15,0.27826,-0.27826,0.65381
12,0,45,0.99826,0.99826,0.90367
12,0,30,1.70984,1.70984,0.63855
12,0,45,0.2508,-0.2508,0.57267
12,0,45,0.62226,0.62226,0.66279
12,0,30,1.1718,-1.1718,0.82261
12,0,30,0.20786,0.20786,0.83269
12,0,15,0.23262,-0.23262,0.56949
12,0,15,0.39248,0.39248,0.64529
12,0,30,1.05348,1.05348,0.66507
12,0,45,0.4299,-0.4299,0.54549
12,0,15,0.12652,0.12652,0.60927
12,0,45,0.65372,0.65372,0.63939
12,0,45,0.30626,0.30626,0.79256
12,0,30,0.73484,-0.73484,0.65033
12,0,15,0.180198,0.180198,0.59207
12,0,15,0.063452,-0.063452,0.61508
12,0,45,1.87944,-1.87944,0.6944
12,0,45,0.182836,-0.182836,0.68615
12,0,30,0.79738,-0.79738,0.6136
12,0,30,0.98628,-0.98628,0.59851
12,0,30,0.78892,0.78892,0.86894
12,0,15,0.13535,-0.13535,0.71233
12,0,15,1.62034,-1.62034,0.69288
12,0,15,0.32754,-0.32754,0.78761
12,0,30,0.025684,0.025684,0.76035
12,0,30,0.4399,0.4399,0.57247
12,0,45,0.84282,0.84282,1.1081
12,0,15,0.071164,-0.071164,0.60233
12,0,15,0.69506,0.69506,0.77192
12,0,15,0.152258,0.152258,0.72303
12,0,15,0.9562,-0.9562,0.67479
12,0,15,0.0141872,0.0141872,0.64759
12,0,45,0.61688,-0.61688,0.74847
12,0,30,0.72748,-0.72748,0.66049
12,0,45,2.5466,2.5466,1.7541
12,0,15,0.98954,-0.98954,0.66605
12,0,30,0.96348,0.96348,0.71811
12,0,45,0.72918,0.72918,0.86001
12,0,45,1.2257,-1.2257,0.79766
12,0,30,1.12334,1.12334,0.69195
12,0,30,0.21736,0.21736,0.70248
12,0,45,0.24616,-0.24616,0.69065
12,0,45,0.2435,-0.2435,0.69083
12,0,30,0.176446,0.176446,0.6167
12,0,15,0.92228,-0.92228,0.79996
12,0,30,0.30676,-0.30676,1.2086
12,0,15,0.72732,-0.72732,0.6276
12,1,15,0.39514,0.39514,0.52019
12,1,15,0.38342,-0.38342,0.53393
12,1,15,0.55654,-0.55654,0.55218
12,1,30,0.3112,-0.3112,0.51956
12,1,30,0.7916,-0.7916,0.48696
12,1,15,0.21852,-0.21852,0.49496
12,1,30,0.20632,-0.20632,0.572
12,1,30,0.069612,-0.069612,0.65517
12,1,30,0.180846,0.180846,0.61226
12,1,45,2.7308,-2.7308,0.71666
12,1,45,0.32966,-0.32966,0.59115
12,1,30,1.3896,-1.3896,0.61412
12,1,45,2.0332,2.0332,0.50631
12,1,15,0.63238,-0.63238,0.63328
12,1,15,0.65616,-0.65616,0.73939
12,1,45,0.20708,0.20708,0.65911
12,1,45,2.942,-2.942,0.91692
12,1,15,0.146986,-0.146986,0.76799
12,1,30,0.93146,-0.93146,0.7316
12,1,45,0.40998,0.40998,1.1629
12,1,30,2.232,2.232,1.441
12,1,15,0.29206,-0.29206,0.57574
12,1,45,1.22536,-1.22536,0.72374
12,1,45,0.76318,0.76318,0.98158
12,1,15,0.108586,0.108586,0.50765
12,1,15,0.101408,-0.101408,0.60451
12,1,15,0.31764,0.31764,0.57433
12,1,15,0.5524,-0.5524,0.62732
12,1,30,1.25622,-1.25622,0.90308
12,1,45,0.78348,0.78348,0.60038
12,1,45,0.50926,-0.50926,0.85415
12,1,45,0.92686,-0.92686,0.72395
12,1,30,0.068616,0.068616,0.58896
12,1,15,0.099934,-0.099934,0.68506
12,1,45,0.160232,-0.160232,0.7299
12,1,15,0.103046,-0.103046,0.64534
12,1,45,0.7405,0.7405,0.58284
12,1,30,0.63192,-0.63192,0.6336
12,1,45,0.91278,0.91278,0.63139
12,1,30,0.29556,0.29556,0.65857
12,1,45,0.60684,0.60684,0.70431
12,1,15,0.090956,0.090956,0.69268
12,1,30,0.23928,-0.23928,0.74156
12,1,30,0.77142,-0.77142,0.95133
12,1,15,0.76614,-0.76614,0.82008
12,1,30,0.35342,0.35342,0.67919
12,1,30,0.56612,-0.56612,0.90362
12,1,15,0.193358,0.193358,0.57881
12,1,45,1.34056,-1.34056,0.53562
12,1,45,2.3822,2.3822,0.55606
12,1,15,0.071816,0.071816,0.50855
12,1,30,0.59894,-0.59894,0.52833
12,1,45,2.1586,2.1586,0.56245
12,1,45,0.63538,-0.63538,0.7361
12,1,30,0.32612,-0.32612,0.51935
12,1,45,1.80298,-1.80298,0.52188
12,1,30,1.32096,1.32096,0.7626
12,1,15,0.15958,0.15958,0.53939
12,1,30,0.094246,-0.094246,0.62681
12,1,30,1.0413,-1.0413,0.73059
12,1,45,0.31914,0.31914,0.66469
12,1,15,0.61456,0.61456,0.58986
12,1,30,0.0100788,-0.0100788,0.60636
12,1,15,0.41268,0.41268,0.72483
12,1,15,0.9335,0.9335,0.66761
12,1,30,0.081518,-0.081518,0.57668
12,1,45,1.33914,-1.33914,0.67146
12,1,15,1.01206,1.01206,0.57094
12,1,30,0.69784,-0.69784,0.49881
12,1,15,0.24488,-0.24488,0.63212
12,1,45,0.59406,0.59406,0.69826
12,0,30,0.81566,0.81566,0.71217
12,0,45,0.74028,-0.74028,0.57692
12,0,15,0.40798,-0.40798,0.57838
12,0,30,1.0384,-1.0384,0.53813
12,0,15,0.03356,-0.03356,0.5551
12,0,15,0.50782,0.50782,0.48679
12,0,15,0.24204,-0.24204,0.5313
12,0,30,0.91768,-0.91768,0.53804
12,0,15,0.015878,-0.015878,0.5536
12,0,15,0.179404,-0.179404,0.55203
12,0,45,0.32416,0.32416,0.56895
12,0,45,0.38792,-0.38792,0.69397
12,0,45,0.0164852,-0.0164852,0.70538
12,0,45,0.42668,-0.42668,0.60983
12,0,45,0.042042,-0.042042,0.69698
12,0,30,0.193162,0.193162,0.55111
12,0,30,0.65244,0.65244,0.55331
12,0,30,0.4638,-0.4638,0.63366
12,0,30,1.02686,-1.02686,0.64653
12,0,30,0.5162,0.5162,0.52103
12,0,15,0.771,0.771,0.57007
12,0,45,0.0140922,-0.0140922,0.64602
12,0,15,0.26222,0.26222,0.52308
12,0,45,1.27552,-1.27552,0.5295
12,0,30,0.22136,-0.22136,0.75775
12,0,15,0.35848,0.35848,0.59652
12,0,30,0.35298,-0.35298,0.55162
12,0,45,1.43364,1.43364,0.65941
12,0,30,0.71076,-0.71076,0.70259
12,0,30,0.5437,-0.5437,0.73143
12,0,15,0.198962,0.198962,0.5532
12,0,45,1.08634,-1.08634,0.64364
12,0,45,2.615,-2.615,0.79922
12,0,45,1.71488,-1.71488,0.828
12,0,30,0.45512,-0.45512,0.64839
12,0,15,0.124634,-0.124634,0.67954
12,0,45,0.03056,0.03056,0.77804
12,0,15,0.72384,-0.72384,0.65831
12,0,15,0.2457,0.2457,0.71726
12,0,15,0.91624,0.91624,0.71465
12,0,45,1.24024,-1.24024,0.76575
12,0,45,2.3556,2.3556,0.9195
12,0,30,0.81828,-0.81828,0.66138
12,0,15,0.32972,0.32972,0.70148
12,0,15,0.04076,-0.04076,0.65995
12,0,45,2.4654,-2.4654,0.80704
12,0,30,3.0646,-3.0646,1.1738
12,0,30,0.79882,-0.79882,0.61502
12,1,15,0.2649,0.2649,0.56212
12,1,15,0.7487,0.7487,0.47727
12,1,15,0.0074892,-0.0074892,0.52512
12,1,30,1.16676,1.16676,0.54023
12,1,45,1.2794,-1.2794,0.6198
12,1,15,0.53026,0.53026,0.5752
12,1,45,0.058254,-0.058254,0.49355
12,1,45,0.81518,-0.81518,0.65938
12,1,15,0.26186,-0.26186,0.51353
12,1,45,2.1732,-2.1732,0.5043
12,1,30,0.54384,-0.54384,0.49687
12,1,30,0.69136,-0.69136,0.58639
12,1,30,0.37792,0.37792,0.52338
12,1,15,0.0196696,0.0196696,0.44389
12,1,45,1.1504,1.1504,0.50766
12,1,30,0.53496,0.53496,0.55211
12,1,30,0.569,-0.569,0.40712
12,1,30,1.19168,1.19168,0.50298
12,1,45,0.9693,-0.9693,0.56109
12,1,15,1.06868,-1.06868,0.56666
12,1,45,0.8184,-0.8184,0.64769
12,1,45,0.12167,-0.12167,0.57716
12,1,15,0.23982,0.23982,0.47138
12,1,30,0.18984,0.18984,0.59707
12,0,45,0.2131,0.2131,0.55362
12,0,15,0.31578,-0.31578,0.51947
12,0,15,0.182684,-0.182684,0.59823
12,0,30,0.77986,-0.77986,0.60897
12,0,30,0.040392,-0.040392,0.59012
12,0,45,0.41954,0.41954,0.6583
12,0,30,0.030442,-0.030442,0.59336
12,0,15,0.059642,0.059642,0.54486
12,0,15,0.07862,-0.07862,0.59365
12,0,15,0.6171,0.6171,0.62814
12,0,30,1.39338,1.39338,0.64754
12,0,45,0.193812,-0.193812,0.71846
12,0,30,0.80414,0.80414,0.84542
12,0,15,0.63306,0.63306,0.57353
12,0,45,2.935,-2.935,0.60931
12,0,15,0.9492,-0.9492,0.5988
12,0,15,0.59038,-0.59038,0.62234
12,0,30,0.73918,-0.73918,0.6057
12,0,45,0.2437,-0.2437,0.6065
12,0,30,0.047076,0.047076,0.79663
12,0,45,1.02204,1.02204,0.61377
12,0,45,2.0924,2.0924,0.69798
12,0,30,1.30256,-1.30256,0.65261
12,0,15,0.82674,-0.82674,0.5739
12,0,15,0.3879,0.3879,0.63507
12,0,45,0.40492,0.40492,0.59889
12,0,45,0.118584,-0.118584,0.73993
12,0,30,0.41684,-0.41684,0.54079
12,0,15,0.0036926,-0.0036926,1.0052
12,0,30,1.09146,1.09146,0.67729
12,0,15,0.184948,0.184948,0.5831
12,0,30,0.78446,-0.78446,0.5862
12,0,45,1.77604,-1.77604,0.73092
12,0,45,1.47222,1.47222,0.61909
12,0,30,0.37822,0.37822,0.56286
12,0,15,0.044582,0.044582,0.52265
12,0,15,1.13462,1.13462,0.54021
12,0,30,0.97872,0.97872,1.2988
12,0,30,0.90252,0.90252,0.53406
12,0,45,0.90406,0.90406,0.73168
12,0,15,0.058288,0.058288,0.56867
12,0,45,0.25586,0.25586,0.65819
12,0,30,0.76054,-0.76054,0.59407
12,0,30,0.34298,-0.34298,0.59916
12,0,45,2.4056,2.4056,0.61898
12,0,45,1.65206,1.65206,0.97654
12,0,15,0.59208,0.59208,0.67763
12,0,30,1.05432,1.05432,0.97149
12,0,30,0.198352,0.198352,0.57067
12,0,30,0.55304,0.55304,0.53584
12,0,45,2.5386,2.5386,0.53593
12,0,30,0.21022,-0.21022,0.70717
12,0,45,1.26624,-1.26624,0.67203
12,0,15,1.01588,1.01588,0.53676
12,0,15,0.063768,-0.063768,0.53819
12,0,45,1.15626,-1.15626,0.7699
12,0,45,0.00193376,-0.00193376,0.56578
12,0,30,0.136,-0.136,0.54827
12,0,45,0.7724,-0.7724,0.50345
12,0,15,0.5068,-0.5068,0.8612
12,0,15,1.4835,-1.4835,0.84762
12,0,15,0.22974,0.22974,0.77738
12,0,30,0.25232,0.25232,1.3972
12,0,15,0.142554,-0.142554,0.57857
12,0,45,0.55572,-0.55572,0.71873
12,0,30,1.15104,-1.15104,0.65056
12,0,45,0.61526,0.61526,0.74227
12,0,15,0.78708,-0.78708,0.73945
12,0,45,0.90916,-0.90916,0.72127
12,0,30,1.03382,1.03382,0.66138
12,0,15,0.090842,-0.090842,0.86451
12,1,45,0.135068,-0.135068,0.86923
12,1,30,0.134418,0.134418,0.70527
12,1,30,2.1448,-2.1448,0.73348
12,1,30,0.73794,0.73794,0.61518
12,1,15,0.121652,0.121652,0.5494
12,1,45,0.41014,-0.41014,0.68953
12,1,30,0.65542,0.65542,0.58507
12,1,45,0.57028,-0.57028,0.57809
12,1,15,0.19561,0.19561,0.54938
12,1,45,1.0151,-1.0151,0.57585
12,1,45,0.72762,0.72762,0.68094
12,1,45,0.3413,0.3413,0.61675
12,1,15,0.12059,0.12059,0.53793
12,1,45,0.90182,-0.90182,0.71376
12,1,30,0.86658,-0.86658,0.68587
12,1,30,0.44398,-0.44398,0.62729
12,1,15,0.32966,-0.32966,0.57222
12,1,15,0.0168454,-0.0168454,0.57389
12,1,15,0.053144,-0.053144,0.90266
12,1,30,0.8634,0.8634,0.72738
12,1,30,1.34872,-1.34872,0.52818
12,1,15,0.88562,-0.88562,0.50332
12,1,45,0.8416,0.8416,0.57138
12,1,15,0.73104,0.73104,0.58057
12,1,30,1.00872,-1.00872,0.59233
12,1,30,0.48262,0.48262,0.48019
12,1,30,0.4339,0.4339,0.49038
12,1,15,0.46226,-0.46226,0.56544
12,1,45,0.33308,0.33308,0.62162
12,1,45,2.7118,-2.7118,0.56979
12,1,15,0.100212,0.100212,0.58148
12,1,15,0.60042,0.60042,0.53817
12,1,45,0.20002,0.20002,0.6927
12,1,15,0.24608,-0.24608,0.53745
12,1,15,0.5311,-0.5311,0.57402
12,1,45,0.110526,0.110526,0.68983
12,1,45,1.01624,1.01624,0.74959
12,1,30,0.6322,-0.6322,0.58838
12,1,30,0.3256,0.3256,0.6856
12,1,45,1.6764,-1.6764,0.54668
12,1,30,0.65578,-0.65578,0.56495
12,1,15,0.58938,0.58938,0.57714
12,1,30,0.57284,-0.57284,0.72117
12,1,15,0.64996,0.64996,0.67718
12,1,45,2.3956,2.3956,0.64035
12,1,45,0.74262,-0.74262,0.68574
12,1,15,0.045562,-0.045562,0.64622
12,1,30,0.27168,-0.27168,0.80213
